4999,54929ab54f71b47dd672d60a4073bc5326208b00fdf0dd6ef57e3215
4774,6c855c5c98a977fe7bf5db0cbc390b066b175e0fa5dd65dd887bc651
5753,5a703fff4da2c0b5cd38a23ef7871cd4b774782ed75dd6694a222d48
5312,333251970018a5218b7578face2811d720f8d76723dfbcd992dd7f5a
5105,3ea301d0bb47013eb04e5895d937ba2f553eeb66319a7236f08dedc6
4779,1dfcc0fd69711f0c9ac31b2ccfe606a6f8facaea050910548f0bfd07
4852,d21200e6355459412d06e569747f3814bba66839b8329daac1e7f796
5559,cdf5210fd8dbf996365686381bb3918b7f990089092f8cb72a29a363
5607,bed0f1ade926733c7fce8ee9a562815c699135a30c4c4a8bd63fc82b
2623,9498f9b3591eb9e21220d6b6cef922fce2485ee95f629acc8215e8fd
5160,6429f777877beccbde7de26c13b6c8ec8381d1bdcc24b4cf5c6f6151
4959,ed73419d08c72880f72462154137ccd2a8e0f58f2d1b8efa0e19d78c
5278,327d5d668ebc135c3d9f33c78cf8dc18e910a61669101e48c9b56c70
4967,7d75bd8fa0affcd96d99bfda9c20212ced7af3b10f09e4f438eaa19f
5201,3843d666ab060d8d2b1f4a721c73a15742af440f49bb7d20010d1b49
5274,bafa7d5a7df52b8c592985cb5532da4eb11f51a953be2335c93ea64b
5228,bb02a3bdc33f55fae09f0d781f111e9f1cf9912f3bbf3575b3641e49
5127,e52ef3c7d80defaf3999da9b7a28fd3c8a171045f88967be21085998
5069,65e34994643834b73b4c9fd871ccd59ef074378eb05bad8de77c9f8f
5174,5cd3fa1ae3ef5853f3007621e0e6d2ea556924ea8f4722abb64b1e40
5112,a5f430566e15cc5bd08989c088a4da7e8b06dd7266e99f05cd978f89
5125,a58aeb9e5c35bd187e0b3136ffeaa9921d2b6857562de2e98234c258
5755,e35f1b71d706e7b4dc3f37161c5aae200d5033299ce90c9ed4536b44
5432,f8386fa37e9d41f6989e5bc4191ad472fbe20d459b3b18dfb9ecb11a
5592,cb36cfb81a51a31078fbed79b72f2736b9e7b8ff79ced697d87ddc3c
5016,e9bee1e5df97d714e1eb202472282b598d46039d7fc19f415e9c7335
5603,8c13d05f645a3a876529260c885894139ae09d20cc3dd90a8cecdfdd
4899,ed0653846a922879ac0b899b94e9eae958fd0d00be61b6069b7fc13f
5576,d43e233dc57af55ed4ff7b2d3d1c9600212e36bd2d4c23bb766f97ea
5441,e982789292b035e020d21bcd90185e7ebcf65490763e29e45ce56f40
5250,88eb26f608632990edf4921d0086efc1f8b34d1671bce3c019083a1f
4902,69558110e0f88c7d7cac8d6558df5cdbd16c88a1aa5884a766226242
5206,1533f92fa511de27d3011dda6dae557a5a04f02a26a02ca2869bd35d
4984,28b2cc6bc68ec0865dc3b560d4bb9ab4a15b5fd2f5114fbe4d0e6cfc
5015,85b841c6a800149e4c2f1adebd4cecc9dd213b614c3c86107e590a01
5258,31084cab338ca6034b897b81f7262e83c6825205445f0a647f3440dc
5106,fb62884cc3fa8a4bfb36535fa628acff22830025acb5ebe31e1ef5ef
4886,2b2167534364e8ef4d768a53213a3915b44232f7b8783136a12030df
4954,a9510f81330a1fdfbf3aadeeaf29b85d98ededf1a31f77baec3849d1
5008,6ac533285d26800deb6f3fdb5c1ee6a30807b0433aa3dcd506e9898f
5243,7578eb52c58a4a67f864fb9f1d7e1b933549cd8babe73bd42ba0d07c
5475,8f26bd6eb833c3f0ac22512a974a235b1710f3aaf7530d88102e4079
5587,f2fa87a20578d87587bb556cdcb96726784084751c365a074dfc23b9
4840,8fef600218cc68480db542c9b56f3facb25ca4defc8ffb822013d07f
4903,5a8e6bc38d86bd6b5b627691ee44512406ce2e063d638ac9b791801d
4935,2624ac3681336f95187feb2c9c3a62f209ae420c176d52d11299b519
5355,1d98b66a09bf1116d21cc4f810eb46c36aa701ed112e40dfbbad443b
5313,a5ede2f694989a2a172e67fefadded541c979cde182f3b6c28f69a6b
5594,c2b7d77bc2b8105481b853e8bf47e62d2445c3049ebe1d036a37e0fb
5404,3926953ec9941c0df0ae040f163e6dc96d690db6add283ef6388c87d
5586,31515cdcb6523a23a28d59f33f25876121008cff6e590bd0524f7d5f
4792,c4d6f3e917fd68e958cf77cfc7daf9ddb253c414bfd192d1c6c9283b
5616,c34f7393ab555a5ff0d21370c045fb803b415da52b47ea3d01110a2f
4952,ee42d1f3c59a86cca95998030451054b261d2e42c234b4ff6b18a0db
4932,fee4850ee336e6e09da99f4fa60dce5b2fc15ccd344ed68a7ce94b94
5487,2c272e56a29052f3f770d5f6b47e7e9814d1fd18d7ef798de6c42e0f
5548,24e0136fac882d8568c9cbc9c5882db63a2cc58b8a7c83269a63be76
4955,e650c4d5a04fa469201e00a14cc5ffaaa091c6827d7568b979ab2214
5071,f3995c977b99d6130ff853a75d1069aa913caa3e6b808bc85f75fe26
5366,06d7ec3bc005f2f8503349b5ce2f54be0e7e849c263d2584d95dcfdb
5083,0b8384708eb1418b31c7e08f1bb690dc553320edffe3b6ac9763e668
4937,472495683bfa62758a19243df3262a2bd917e133a0fe74d135d42d4b
5277,15afbc32f69286d2f595d44b822ae4f1a527124e11b989abd035ecf2
5534,93c2eecf2f60bae65f0ab6867f64ceb1cda0cb09e7c95a18f55ff5c2
5528,abf61ba70e5232ea3e83e063bb5b52ef18b4bcaf7e27e5885bc26bab
5507,ce52dfe2e79d92c182b13cff9cb5b9ad0090bb5150f5adf87ed43009
5271,6a02d9697cc84c013c5b40d791f273c5950ce3a95787969cf28b9cec
5511,b50e40bad8be9b5ec5c30aea0dc7096338c4e1c55bd3a471bbdd4bf0
5368,07e07f7f412889d0b44b95ed47cf18aff1eca5ff8cf42304762b15fa
5532,140be818137ced47c281fcc0c59a45f0e73f593761ee0f91616b7d16
5526,c06d95d8b3b1e7c111203317c756c1cb5fa0e5f8b4a2a522a3509b9f
5749,528b205182fd6c643eddd799050086ebe8ec542a4c5319618c161edb
2725,4b508f45d7f965eeb93ad543a7e65d5201bc0891e3438082523c3af3
5514,dc636a296fee2890ab5bb8a40d3fe054403a45c16fb3cc030eb930b2
4918,dfe6c1b3f1bb306f93ff056382df8009f0a662e7294dcb9c8696d6c9
4757,758025c8505683deb3d6407336bd989e2cb9c16ce5f8097db3b2ad51
4928,40e9ac2a1efec0d9594a6bfe42f7ff205a166b9de574a2bdd3655e79
4765,de769f01db5d63bc08303ff367747a46ee3cd2c60ac79e7a23dd2b58
4971,6f881c77459046d84a75069b11cf226179cea8bcc156ea8814ecc920
4838,fb11d85f5d43762ff93a28be71ed1252fb4e75cc52fcb7a036ffa046
5572,c25c9ae7175e2f60f6f463b956776268e2034e57124e69d00864310e
5273,2c3bb17a16ab0defce8cecec0ba055dc1bdd5ef72e7464b01dac52f5
5026,a9bb7673da1f8f976e901a9b0f2c3e67ca3365781c5a3d967de42949
5309,0e1b0f791fb83dee1b01a2ff07f5f6ea5850c1c5da2d32756f27722f
5348,a66035042b8a01dba29e16e65813a477faf988f45c3cac8d5c729846
1959,a64c3c4e4d0d5e0cadc1c7be7941a8a7a875a69c38b95c02de701040
5252,764b0d3db5d835a52cdeab1d64e367d7359aa0381fbf59ebf2714f82
5093,6f07cd4abe2fe6ed272d19e4c09850e1fce047ca4276c2130f935576
5411,6d63cd35ea4d22bcb473dff7a2bfb1bf1e6179f03beba4b76377ba37
5449,b0626f3db03f327e6c3e3b6a05d4be04d1c67ed7f75247c7ef97de8f
4781,4177f1f3c16b6e638905a77aa4ef481c08c8a9547b9b9aa8be53b13d
5566,c3c01f1ee0e81a0a9fbc08ae82da8feb976f9a78c9684966036f243d
5150,e510af298d04c8cc7cedd2b8bc6c74473cdc213b60f0c0a8ec978ddd
5004,a7976b7cca1d1755a93068b454c73347bb747e5101190b9db419ee48
5564,406e724c1b732468962fbeb98bfd8e6425e758b7e99ae0780ba504b4
5124,ef807c7b73ff02abd3c43effdd5863b9467acd3f8f66150201c44553
4900,7e93215bcada84bab87d444f1ca2748b0eb53da525059a49450c1ab5
5187,d3cc65a822537dce9a27753bbc54e2c439a2c77b61a7fd3dc2be7fda
5562,811291cc63bc9e4aa4f0134f91affa014bd2a8b110c39785c403a5b1
4908,8d34dd65b965d4983a1f85d2270721e544d8cb46a246c1297dfe96f7
5304,6d48bc7d346c0d1020d56d0c6ba9abe19d89071f8e17c3607b784a62
5439,491ce1f2bc59b66391f61ddf09ab14ca18a4aca160f53a3e0209f3be
5096,12472584860d138e2d049264379faee04e603341c63883af6c46b1a1
5216,225ac06449b52fffb61d41b29fd4f5583eb75b3feef03a8f6abf0736
4767,d5c9901dd72423d4f8f856c173b30f0d25a64d7d5b698b577a55718e
4989,608eb7e0c981e5d7a89124a1217ecfcdf6d7cfc713565b5bd351118c
4946,992d6d9847c380696c6581f5c3c9c7a2cd98b4d42a768b83d7e69a89
5184,6489d3db1d3a99cf0a9ef9f4c919e2b1ecbc65c0ef82ade2084c553e
5460,3f286105a0793518ecda57d00765b4fafe90b20105ae57e79b0b5cc0
4980,111174a3d22e203c03e3b6caaf0fba34acdbfd8be962f15adcf2c078
5621,3de7b9f9ca962de143383d2b82babc61fb869045fdacd29709f97ded
5308,98896192625e2da06df3b08c2ea3f05ea991ed61f181a11b904c4d07
5446,c9799188442fcc202b46b317cd340e351c4ccdd5d5d465b81e8faa44
4941,936b7a59f4d815736437cfec2a474dbdce85c4a3cb9cc9c55195d940
5590,32b998aecf4419ca73a5f54d9f8fa46a24bded1b2ce19bb234eac505
5013,b7d5d1f7005791443c1d15dbc7e934cab690fde10f86df6f27b981e0
5406,48517d4d052fb7048d9eadb0cb1e7cdfad116cc313eb791df6ad4977
4801,e9c6a813ce6078116706b62a44d2df260dcad1e62195b18b69cc9236
5476,4b088f6d37db8d5c2acfd131a0bc2951c00605fa4496d51d4811762c
4732,909fdb21d00e73f19f73daa7733ca9e2eabd953a31c459f87c737968
4826,2f07346444fc7e13be4c092ac9a4b477c386264b0602ac9815c064fe
5579,3fb334765af388010ed58783ffd28588a441702e36ad4be9839814dc
5490,8a9fac52cb9797b8e3b10f65cdba22b68c61522d6da7ba30af7c1531
4896,49b8f0dc6c71891367a4dd6ec8abb19decfb55fe61d4416a36f46966
5620,05b3af4ec5374e213e3589a407603d77d7550b89b6fe0d447f3c61c6
5477,787f9a8f46595fc753249bffa42f871c212bfc1cf5b61a0a1095e901
5471,51ee0e6f78e816e5f8b3c7c946a569920eb8ef4515a0810d60536477
4924,d1e74c5b6819c39e87f0ce7597cfaea5acc29a027dadc5012fba2be1
5189,42865dc0e5823b4b7982d3eb8e439f03064a94505cd26b1914f9224c
4854,1367abe85a83a2e106004d55a38d2c17b654b936ea568a6774ebbc08
5585,6638f392b33b0140a78308b9fdc34516ed2ff1511d7f267c09ecd850
5428,b8178da50dca640842cc575740d59d8e08bf3d90a7d7b0b774dd74e8
4983,a3e3a45147fdd05b24879da3acadb418605c05d1876f3e08e5ecb4e9
4740,6ab9107eb54bad2f4b19b8764269d2e4b99009bf829ec5e9fc4bd4b3
5447,8b6c932d12e0bd51c56fd61b4def294de6dc7428baa505da9a864b61
4836,33799881b78a2c96f30ab9078322ef81b70ecc3dab9a62b19ba62dc8
5115,8e022a18c052c2cd76e2bef90940527340bc62bf7aebb6f64bb51580
5415,f8619e1b5e55fb6bc7bd4034f4fa2bf384f31e64433351e8b19b416d
5239,4abb0cc18dbbfa233ff0834b3f0378ac8a749dfa47767188f0243442
5394,0b552e6f8e38473f3a567b7d597b33e1ece3b2e14f215949028f9d0f
4885,874f7119f9e20c4f6a54cbbb5daaffe37206918c8d0dabcbb020bf71
5262,bcaca3ba25616dfd6cd2e124c46d7bed47d69c2d612c427bf04d2633
5550,23067e5bd14fc2ed355efd2862b7368cf909de320e0cd3d5e81a9d39
4893,13031dc07ed510f72d1635a7e3b17f8c57c28612bdf5b11f3ea5a1e4
5672,87e6965b5ff11845ed379c216370a5f30cbb4a723fd545f9809a23ce
5390,46db8a9aa480ac9da1f2efdc3480898e33773ca0e5cb731cd031abc0
5468,c97277bfdf6a8c9760770963363a773e017f2be93b037e86cec1c7bd
5180,20f8b458800513253d5ad51f74bc41cb1cbc32559f8a2eb0625e3dc4
4860,f1c1de1f56d83d6fabe4d3eaadcd6ab96315e4a66b0b8a73fe4fd9e6
5569,319e185836aa27b5835bd15f3e172c1428a9b2e4c0e87bbe6bcb8663
5259,f91429c4706f4b8fe8cf767152cd1bc74061f7226b2ddfc4289bc4b6
4914,56442a4b5af3fc3da092701c9994973562c7cdd8d0f3a02a6eea01ed
4891,3312287f7a8507d208353e30a627ebd7a5278021e9557c6bf13bcaa4
4784,a1ff565a509cf95b5a8ac967013ae06d8d4641ec9a62eb7f0f7ca633
5485,011737f01de237cde5c38e74ca523474fc5a704bf8614d840a8c09b2
5167,716dcf491813fe140445dbe5831d24bed16c5f7585f08afb09765e4a
4793,812c788e1c94a257b5bdc8e373b4d5768f846648b26fb4ed941006f6
4927,1749dd27c018d8e7bcf6df254f64722b4c02f2ee86bada61458b48e4
4925,c6e4be20cd4ed5cc09ef4c84ba3601056efc868f9a33efcf22b8748d
4833,2e07f8a5cee582b642bb9e8c4dc475bcc3ab3699a322b01245bfb2ba
5539,b5dce8dccc2f97fc120ceb8fb79461922a4e0c4ca6ad2ee175ef988b
4907,a1b7cc64ef628c2e7acdcdd5c2b42cb4ac445711ad725a142dd880a3
5328,64792114b59b426a4d5450c6f597ed65f3cc8b154a34e369bca9f57f
5575,f686f2ffb5b0110e594f0ea3ed80e1bc66dca777839c9aa1aafa2308
5489,ebd90e98e9d2c920a6738055d2a38c9f412d269d97314d54424f59b3
5080,c0a1823222806f4eb1a7ad1afd561916ce129cb0dc0dd60a45668f51
5354,d4ee81da3f038fb6b9f7cafaa590ddd5a898d3cd6a1e446a57518074
5144,bbc646b44287868c57a8f9f289ffb277be642ad3fb026cfedfedafb5
5425,b23b1bc33815d037ef515cbe8cf8338fb3004249709a6c933e6e9983
5387,45f75d374408678e84ab86932ce563e4825edd6ab2f5ad574e771fe3
4745,5859e1bd40076e6202903a1fb319fd8005b2c1cb326da55f0ceb6290
5502,9bb09a90c49cab2949e7315fe2d95216f8a1aa5267012ac49d89f0fd
5364,ccf16d497295301261d8a017a29063e7fa9934737a2882bdf31f1423
5467,e98b40d3a4ad942fda3e383ded4c7c4c091b89e0e9d796b39585217b
5530,86f3293db5d4631114210cfbf8b4ab34aad05b5519a9d063d9d8a0cc
4831,d0ace9a1d2812b8ed60b14a561813a2059b0f72b1c92a9faa67f0e46
4739,abe6ce567c3748c0c38e7012ac03e3e25da50c5aea7fbb9118956c76
4830,ab0bdcb39c06963e167c8b1d4dd671b5d586e5bef138d976d41eecb1
5191,aa5ebeb9d36d3700b7d9eeddca84eed3a9595d7ff5c6d015a0f10d6e
4834,e486862c9432b860bfb6506b2d0c55ce6098dce493dc59fabbcdd546
5343,5c71fd02ed9aa23fd59a7d5dc78cea5da02794df094383c17251a099
5284,ebb9cd5ecb182641143bd00178d9114a92e74585e3665612d627ad9f
5401,f250ce97f1a1bc9e17311a3ed7a3a87594f3cca824443fa02cb14e2e
5205,c81cfb8dd2a2cd5182f79125b9f3833e1a78b701ade50ae582175e7a
5157,9b1adcedd4467770d0c6f8d578cb054624bfb17d5ca8a2d5efa75c2a
5338,a399ed519c9b22d202b62d1af916df6d288b4f9c63c80358bbc8e273
5033,42b1b6600f7793d74ebbea96c57f44fc21f824258921aae69a19a62b
4788,8b028e048826b111f8b1070da1f4aa45891ebeacab9df40a9b1abf7d
5009,3aa3fc34412005ad9c0481659af94fa2fa53a6aa7d4fdb23abc5be0b
5153,8653c756b5fcac9b68d092eadaa68d5834451581012b25ff9919e587
5100,a4f86e844fc6480f8e23a651ea1095f9ddc34468970c14a50dfc7cce
5249,4db28aaf394dad8ba5795ff741df4bbe6679a83b4933ec7ab451e8d5
5543,2257fb5e09f8426c39378771d2680b6283ae890394b73919986efcdb
5578,e33ca6ab623f42c93927831930f58848a53096cc9f145623789ad4dd
4848,9a239e0f22bb8bb16b5876ed222e2862b675783142ef3e2cc0b5d51b
4974,9e779a63d63c8d9e6054ec898e31c61a7935fc1a00d70bc5cc4037a4
5380,d49c06e646d4948fd695b521791c68d042ff5902a367bee79ef7fa7f
4782,db4611a312d845d1bd757c8e80f76371c133127d58549b66eeb0ce14
5501,84f0f76917efce78274ad5d25ec3f21d962127e3d140d417640942c8
4866,9dc89271a779ba14d280bfd575e821fbf35df624785e2cd19fce13b9
5385,c24fd2cb4a65bd0e7edac12c0436ce8a5fffd410659347bb07331d8c
5426,a7b66055913418fb550acc343dfb10b4453fe9734e1853100691619a
5420,65efddee2c0bb686f60dfac8bc580b6c462ee4c4e8ce2b47404dd274
5378,6a535f0c6db86b27a7cc45f76de80ea905208f1633126fce143115c9
5238,8d9f58a9ff84806a3f8256d4094c55dceb15fdefeb5c2fa77bf430fa
4820,2550a6556c048905008f150d60ec1ac09e6de25fd517d5e3d9f76952
5580,a860a12552f1445b05c8b5dcacaa624d69e1cdf102fa0d00c54125da
5203,1bc8901072fcaa3d79112c9cd02e637d61e867f42cd6cf36fb668e87
5351,5b8b29bf5d134f271d6b47dac588908be598287a973c87d727451d19
5367,b62f7c0e2a0da522179eeb64bc59cb1e58b6571291d944a20ec5782f
4870,bb769810a974bea844781447baaff0b41ecf8ea0080d61bac288e0ac
5536,086682ccf6e979c91724bf45c1a61ee3f87ccc60ff613e3a80530fbe
4770,fcc78a5944d34f667d09aab34518d097d76fb05e48ad48facfe18171
5384,a7fcfd65143c57bbb9060b9da9ecec09e56607b3b34b39e400afdb7b
4856,ded0cfddb665f6354bdbdc48197cb68e900ec42fdf2986a3ea7ee2ed
5358,55f6e5a8fa9925599316cb9e6d13fbfff0c19b5c3d67118ace70fb21
4755,e4a7e87af1c8df9409d385f8282880e4988b8115e4a267176e8b5166
5416,af6ac6a16c4bdda0dbbfbef774ad6f0baae43d9122967e51616dadcb
5305,218f5bdb9a70cca1dd46959618228dd22f4f868b738b86c82be5a501
4916,ffabe23d3f95fd76aedab1e4d636909cb348bcf4a784f1c58b8e1401
4942,7a61cdfee6a67b0bd76872b90d2337395eb5cdff167048df984ee86e
1949,8aad94f2de56c2862b6dfaf8c3cf28c4c6815fbb5a4c02d8ca65d5f8
5104,dc0265a17709f2badc5d10336f272ffb434a016485b04ef531e0c5c3
4878,15805b9c58b809e834def371ed39e85ae39cf3cfe5d7b73ba6d813cc
4758,a16d38ffd5d66d65c512d8f13d3ca982c9f8581db1e28f370d65cacd
5282,61b6394526a9e471c97dcc88314c57172fccfbb0fa99badbd47243c8
5319,354827ab2596b13f5600d09bd9b09afe8d8a3f8e71851997e818b3cc
5419,6f5afc76f1a3f2f36e68c602f9e9d81ec8fc42fbce1401a96be5cb14
4872,b2e5826b837adff03223e61f561a7757f0661bea0c66b49b0f00cbf2
4849,1bcf54b2eb5f72763079a4851e9afd0a65c1b5a8ce5bf8e045b8bfd5
4950,8e45b1c2d22ba94dcc4f76f384a2dbe900eb05883e4747922f130187
5421,74c7d2299a6389c90f0c19742667a6aac610fa5a6a667178301b21d8
5068,320292beb1afcbcb993cf862409b1f9cd342f2311481c19f890b6876
5307,4e9a1a3512283f995c003ba7bbfb4ff548fcac778a59ffca6b456141
5610,ca754a2eb2554aafb33c98d1e58cbdb071eebec2c43f79a78215612b
4787,bc11e5819970b0331ca9392960e7edb59cc308d86b20e2bc6c25f842
4892,e57bceebca7f4fce6bcc275bc9be9e2acb16b1ab0e0407e72ca7470b
5413,b0bcd26b08fa8de0e9bdad512a229aa16ba9221af6a774c91948379f
4901,30465652f8f8f944bfaf16ba4a017d5aeca97bb4c21995f6c51a3999
5298,16fb557f34a52d8bdcaa5d7f21a88df91dc3e909c345a5e6862c6e73
5154,46d600b207427c0d907f608cb226b1dd2b610dd5423cda476c2e2493
5503,fa56e269c9978b0ccac327d3c964071bfab841557b975be8bfc14cd0
5554,b4812d5048dfce2148bdf8ddb2b8d257a84f2e533f37314272e7d7c5
5422,32b354ce982c3115bf2e291cca4017b9fe1518d11c36cd367f43d2a9
4883,d7f150a3ade8c9ebc25e327b703c065b4361c8c280db00149486a92f
4919,23c4f05b1b9c418cc687c793e45129ecb7636cda5a8696c811751b96
5339,4fdab00fad787376e091a1c251742c8e9f9859604f8a5652c0f5ea62
5209,6c25cc5a9f6cbbbff491719351c8c6f3379aa473e290cd74eaff438e
5403,6cb9b457e467d8e7a7ba0408648c4676a68dda1b2c66d469004cec7e
5224,2b63ac5cf571982ffe30eea671e98debed6056c17f3c66a46c4e390e
4863,9576f5a13abe7cc78c1a11187663fee52798f306976e2a0a3f6df443
5263,f1ec27f518c04c4c958433cfd981f3e6553ca787e8a546ecc5273ffc
1980,1ff56b71ebac7028a57b681a8c3f4982f6dfefffa0a2d642b95ba210
4736,a55c8dfd1c895748ca5db41f8e24b50da1ce05c5fb5a4cd141d9880b
4920,ced0cfd7500c1f8ee4111ea47d70bc680c56e73246b5be592c6a9a2f
5480,134c160079f2d28f71129c02b55279eadecb241d70f6799e89fa95cb
5286,0ff869c7605f6287fa5a4a5a3849965c3fc3d9430cdfc2a0f2f2d2da
5522,afb83dd075eb2af009615efccb381dace6813309fe0c30116b94387b
4917,382004f96491953254133763e98a805d9f1ea1e439c69f95d1b86a45
5747,d0bc5cc82b9a2c4ff9d49104036259c3d603be0177dc1eb617bd9339
5504,ba82806828c701a9b6b5065953e085c65abc0414222b557ace394ec0
5114,fe141408f06710d21f17b5d14c46f4b6f5424d5eeafdf18b4d96732f
5196,65da229ee96a8980089abb958f94a691134643cd1162338b982d72ea
4850,d8ad1aa78ed73da88f70360f8d95600e18e23908f3155cf4fa7901cf
5020,ddc4dc08b175c6167ddc36c7fb14400a3706a7043ea04fadfe35aa8d
5117,6d9fd0588f201e24f53b0f45bb1262641fe4f27affba114112b28b76
4766,9008581b362d882438df1719380b3f7766fa878f409d8208786c9969
5089,7ad9d619e61abc13ccd52a47a203c62488b30a1ab362840fa6ae93d3
5070,57132cfe718d4bcb5defb19f96aaf452ab94876833c222e33b4db0ae
5353,cdf61f38c79f5a5ad7cecb58c9fe272dcc7be1c4683495e060a856b7
5608,6c10a1fba518910bd9c493c1ad643c1b0ec808cde069acca9f86b4a2
4986,6242b885c3628f11431bcaed387aece6b7d1c14c870ffb94c04b01ae
5253,17e42165b7feab763ca9902f37639493a16c04e308d6f3b3a242e8d5
5077,3c6620dbdcbadae87a1765d8ef328b85def7c78482d91deab43b1d55
5463,170170a54f3b2847a9a7641f2a1bc6a315a57fae3e03e92510c37815
4981,03f49f33d263c9cc0c317d3f87f93c9ea5d5a88af2801445bc2cccab
5219,d195718016c206b86dc6873992ea78e19361d7b93b5f09484a603824
4828,c40bf34be2abb807946f50921601ff97538501566c5c39a6b6589762
4987,51805de59be6ef8c0c3d4fbafc7d56eaad937b1f855626adfa1f1407
5082,ac0d3e75673c7a82b9634c99dcd9a40ec8589a3db9955d061046bee8
5178,cc842dd0ffc797c035b57c05a17e7ef00f59cef195b0b819f2c31dbe
5000,3b6cbd25f95fb45ae204e6203793306855c3421c6db5093eb5800c99
5315,ea7667ba5f348999261f3c6f193b0c9daaf3f690da9bc394c1d06525
5107,b3caf9508c2c10c75d94a2d154614ba7f26e3bfaeb32a49c29e4dd9b
1116,1c1ca67d35d4f8f7802e2ede9095fe687115512f69558669c52b1fb8
4825,17cc09b8b16c9fc7d58af9a3dccd16f1818a712f0e25406cf3aa9fc6
5146,06627002eefd6f7e0e6455651cf0117370c247aecd63f727da970963
4889,1c13675b7780c34fc11a0e12f9fe44009cb3a2db8964882bf02a4de5
4934,e6b570f2d16cf31c65a2fbf45636a334a416836cbd07d8f0f28641f4
5334,0105cf2b4f174ce322af88a6183066ad71d28fab1efcb16aa37c2b58
5236,2d2c08bc2de7234c12b0b41f76b0af30d699eee390af67a9a902667b
5072,234312f43642ef163b522b5b5bddd5811587708b8a4b0f87530147a1
2728,2c57c67068148a3f5e4149c7a81d1b11c87975bbab80b7fa7d6f4bb0
5567,d278c893863995bc117c8383135753970f55798b2eb129f24e1a9fac
5159,fa8d97b7d3900c539eaaa3a3d5b25e06dd17aa13b091f950b2ed2cc0
5423,7915afc8396ebdecd285a3d727e2e12764f87ad4363ec3fd2fb3dc61
5079,58e273385a2afb4a131c94f0a6bd625dcd30b0ca6f14854b5f49fae9
4894,e401ac7e4bcaef53385e6fa2a5191b06ef2092fd8e23c9e24224ec77
5021,5c324ccd48a412025164ca2fbc3ad3c55cb6e0ce6cd15fa3ba7d6add
5081,6333956f77114e3b5394bc1f18613ff30bb5fad202c3140195a20490
5556,f41c9a49068caad3f244fe0e7169390f05b65abb09a1617e842d04f0
5443,6555065b42eb0f0b9f767ff78038aac1b2a0390113c5397dbb18f04c
5193,f16807b3d25a19b439737fe49d2ec8d14cb1844a21a921554254ef29
5149,e90f54ae4df65035d3484d2f910e0438c957c46a73f68f383eee9e75
4845,bc5828e561e10bc12b48db39442a16d22f9a6fd13514ac001db5a009
5010,f416631c7d277f330c4b3247f5ddcfba651e01134c4f1a9236bad2c9
5301,12e0cbf9e4bcdda88a9dd30ffba21920b1f9e4d9d8b328c0a7a992db
5599,5966ab8067513109e1bfc1ecb542ab09c9922131569135cadb94c67e
1972,06e63373abbdfa576410d180bb060daaadf40ad698d3954d52968da1
5183,b5a08726ad7d6c435cccd27874a8c4eada07e273b8b66fbd1f211a65
5677,d05ee4896151ba0bab9386e27b5a0cb57f404c260eb4cd5cf325a6ab
5520,19af81cdec3b3e4d2c9f1a1598df9aa7007103a2da310d5a49a498e8
5109,31e211b0f91083e2f1177fb5df9093ba7d22a4dc9ebb55fb2d6bb857
5116,ad5c3cc63ca2ff8e9e1415bc8b91f198ae2c1a6399805090876fd9d4
5606,f64ff62ed2f41f6df8a7c19bac0fb1eb5fe7daaccb262c2c2a137e10
5285,a5bd65419e1b4ae3e2be5c9f6d7bc732b48523c21a9d0c2dd88cd1b4
5557,9467709ef394ef37d0214b97edffbf5c45786da93e10cefa7dafe58e
5461,fa5c7471ca2546be23541b32190db43cd4d1f03f489f931d01a448df
5571,08229f2c5792cbe51f58020b8661cb49a58a6cfdf4c3c89000d52512
5474,eff07b78b294ce2275e9c0254b2991cf7e6b946912eb3c60b1d004b6
5097,9bd77e007709b474d3736536e25df40368c766d6f173e80fc18a840b
5229,35f5a104dfdaf41b8789b9441613ef75005ff0d160b6531d5f4e3315
4978,ab2a6d74a90611eb8c47acfa2a5ba1e35c49032657184b54e07b3ee6
5170,5c672058eec0c5f09c179659aa38d175d24976a74ab65ea9a6173e57
5496,807a9e4a44ecbc4a0bd6b08de8c30e8d06b3956576ff4b8abe3b92bd
4802,45a0ef811a43406d7d6166f179a5aaa6c3a66a1132339c5ca0632ca4
5389,3b78adb9efc66fe7a1b056e0ab79ef84be24cd4ed0f30414fc281853
4862,912b92de00e70879a5fb4f987c23e35dcaebe482f427c23c74e8ee4b
5300,ccea8450ddc819b9e8e218982e344e7a540acfbe845c8a2dadbb46a0
5136,6c6638a5ce7d3d18ceec65e796460b96232a86a4f6acffbb018ca6d7
5310,616ad836e293b0021814b7a269ee694b4e049cededf4f998cc1fceb0
5493,722225dee6ebc9a31e886063ce24be14e5b90db6a69c74a9a51d09a4
5134,77ca233342e45a006c8ff7a6270b938ac7b31e6c845e63d4897abaef
4868,49a28e1b985f09eed95e1883d7a13c461fd0dde9da654bf087eb8382
4912,e53a37ecfc597cb56f062e73bc1e7c41d284fc9afcce31ee4a7f22f4
5551,3db1089687664080204ee513317d8a05e21f05f382a5918a535718fd
4763,5d6af3ee567c142275791a8929ca791a4f1c5610f6259d8a4b8e1ed8
5488,811d38e66f7d572a1c1c3b87750ca0211abf5c746fed2d6f9ad463e9
4865,b4760a4fa522d0758c6a88073905b1cbb85326f4eb7b05aa86e1aeae
5682,f977bbe52ba5b0c4157c1a0be59430dbf046f3ac737096c1ad7110b2
5126,1371358831d9a318a1001e1e06a4faa4e9e818091344f06c233fc083
5140,67f2c1f4339f955da0f85462e768a6ec281093d05e6d0c72380944bd
5470,5a77d9278ce61f8596d462e7e05682f7b079be47e91c4cef91a161bc
5678,49cf46dea96e6782b06d588ae4e5a77d6e5307288fca1535e7ee99a6
5143,c05556517ee06241a1ba3765dd795db083116fb8eeff037e9c3de68e
5430,fa036dd9080008e40b873392675e062711ab2ea1939f81ff193db521
4864,ccf1b14ed6a302077ff3b4b5cbb9dfcd0fae47987cd24f4ed3f778dd
5200,f63699e262ad5f63a262315aabb94948a79c4d1af8373f0ce2f135af
5208,5f78b2cb9a8f364a0f207fd46580e11f4947e1bb618e33e499048c33
4973,2687f3a5dc2cbf378495a5c42173017f16627b1ece4168e2ce347ccc
4931,a8455bce386028d8cec60e8ce30dee5d6b14c65149a757f35ac7684f
4760,037d89314c93fe6f8185ba924a3aec7e3f7c7f0fd774fcad334f8881
4921,2bdead62eaec186781bd51942ceead4c44b8344bcfe38c407909a74d
4832,306bc2ed6b3111b0e510a8f61e8ad4a8adc67a97d7a727e78a4f404e
5281,3689631ee417b449ec9e72218b32af1c83a2e4936531fd8397746ff3
1083,b3bad6c74bdc2f4feaac2ebe88e472659e688079791d90040126f7e9
4882,403b9a2b19641a83e5c85fd140b6e7ffa367939a783a301452f4cf3f
4858,220b18aa31013c97f19b0ca249d8446f55510dbc3ffc6d7c72b4ee09
4887,e4d463d9bae8a9e8b72fac9616b878189e22dd35fe0af22fed0877e4
5002,566499e48e93ffc64c91fba43ed8d5dee8622150041b9072f0650447
5720,ed475f14639a19b03b7059ab6c912a6a7a9ca1fc86976b8a2c166d7e
5181,ce74f8707427efa49f32aed3524e86af969203df3a9b526e8b7f6424
5182,9721343d64760eb37ed99261990e2362b5a60aa7fd7337b846a545ec
5264,33f2684cb027a3f922097e5562d50eac1f101b1f66ef77647a63ac48
5330,d80146be5e7771b046cb1037f9118f660b475efd533210dcd01dbcf8
4876,656bd7545f6b35c0ae08abd0a1b5bcdb1b3dca1dd427b4971a61ee58
5225,cfa961335c5e4f05848d888cda7404ef2379536c3e30897c34a1253d
4857,a7b0098cbe0e6e1aaf47e7f67527bbe0685fccb5890db6d1a245e6e4
4881,7f4766ddc0aff00dea6dbab92ff6be1403dfd190d9fc7f465a90678d
4940,ee005efefddc8fb4ad2907617342ce9c7a743157e6ee7e9d1a5732ba
4873,2386f48a53cbd2eac3b9402779a876d43d2210fc63a448bc882facf0
5457,ec5a4e174308167ca346ed81877d065ccf38da450aafaf8594f38a99
5099,37c8e868292b6c69e62aeef5d7bcc1b77eef2f2b835bbf2b1d9b6341
5611,e36773d350a05fbdea8e850aefd933a009e1c50728b035eea7085b3a
5591,aab8f7f0168667b441f5d833561269db24739b064e855dafa66e074a
5435,0e2e1ab648b5dcfbe2590e1586827a6b5bd933c9eaaa42a097dbed8a
5027,9c2596e69e679a0f62c831b2018a518ff0164970712438681fc0f621
5195,c350da0f3538b4d78e5b7497ac03ed545059758ad1b3c51a3849eaa6
5519,37d3508eb9c71faa4964913acdb5fcbb89100ae90228282a2654824f
4943,fd8efe82a3600c889825383f897ae800538af9a882627c3b9c6b4873
4841,308a5526f991aee71cea5007c008a7b88afde30a3442520c3d60c6e3
5345,f79baadd9710d75569a4ded9537037b0bd672080e0cd6785b705ec61
5342,ab2de40e873039d091a78226af6164aa0b1c9be8bf593d709cab157c
4905,f8448ace36690f1ccca692262940fddc6e6fa0087462daaa7cbf3249
5110,a403ca3a3558589b7441ec031a41b5dbfeb38b2248480926d3075477
5614,2bb5c6a863e98012e354e9823fdc8b999c4856c1f9764a7ffb89c5e9
5515,de199ea2fd6e88612956d20187c56de6346696248df3a84011d7364f
5261,4e570046c9524a6b6092ef59e6937ceb8624d1521702a01452e037e0
5506,99bd13de66f90b16278e1903d464e1db1c061c146603b16e4c359316
5306,78c7da01e272478a848767ebd9e2cb9cc4c04259e50e5488b0d9a86f
4818,878a904e4c1b4d0aaa92c3e8a92402d5a0c300bdb9b9655d662fde3f
4985,eb97d159321ad46a3f63313ad6f3478bb0797f5c80bbfe18026ea30a
4749,3c9c323d0f468e9c8e27f565c72a412d4226647f0d796d1af71a7c92
4748,2598b00ba8ef62a59ae2fe3d4415500f177782295a68e17c378cacfc
5402,a8bc268e0376510d29c5f06269ba650d18ea9d306ccfacfc8131558c
5359,a87aab741d2023f85999940acd0118dc8fe20a1ed909d93262df8b31
5121,b9c5370bdd8b2b1f1ac18d74af61518c30135b3dac8bf3bc4397079d
4911,d36eb23e0e54d000d7db2d02d41476115eae1435ab0442bb66b16dbb
5260,743014d241085a95b25dfaf9662639fbd7ed4a7730903f78ca13aed9
5398,f266283587a8cb1424ab7b297d550527873a7099dd8e7c13e4f45757
5251,12ef7ae00332c17d2aee36526496044862dba7c330c1aee2d8930a3f
5166,f672d9eecda23ee97183364a8f9f817841ab4e185d78fa04e7aedf47
4804,6e4ac2a660960198340809e02e3e913af777aef1365186a49b902004
5372,37acb0f5631afbec074a64fe51deb9e8ec80d7e581934582bb4010f4
5517,7e1ab041c1692484a8c6912d4406ff06b2d97302d555eec58e8eb652
5139,0378ebd3ba5f214c2ac890507d42a810736717f185c431133aa2f04f
5336,d47e609a8cbb64a33e574eb1ed635b38a1e0d32e66b4a8cc4b0a7f2d
4958,86c01c5d896baf860c15ca21ca3d8c9bcc062bb678280d0fda2d5e50
5155,731be6a3c6566f7ab54c999e90f44e503f5a5d48e61572bce8acddf3
5529,f54908355a54d9f1f25938d2a9f15126355348d9e52fb171bd6fefbe
5407,65d9c77eaf4c81c2d08472319a5a33c21ccbac229838789e24989362
4806,1611d548e52aa12026f81fd1fa24bf7373cc9d7a4eded6d499bd1bc8
5094,a853853192ff54786de00807198de28946749400f41842fcbb1ccb5f
4786,d5d92b731cf25589a74c21fda6a49f1f6882f00c7b3e28016f7f944f
5118,9811b8459e507d30e54a92bc6aee97e333e9ff12437b397760bc1e56
5743,ad3aaa170f15b799e10149aa9b6b32d1f855ae1da49b9b6d06c14031
5745,aeb1c5b8b9d763b7fc936fc09b3d4116c5667d481bb716b2a5ad878c
5746,68721ffc0d8c9dfbd862a3a2a81d3b0ac50f4f4e5df1c665d8f511d1
5214,ff6d72dde137924697c0ebf8748c550be5fe020f821c4ee566531da5
5172,888503daf0da82094595c8163846d55675767d26178917ceb71b2bcb
5012,4deaf98e267dca8e5904fe0a875d6313894ed1d72765940f6d9bbf6a
4846,3bb55e71a40697f4e99f4b44b919551d5be749901787ef449645f757
5744,01a3824e774cfe01a3fe0ab28a39c0f393b65f19f5d296af85f63f64
5748,1927007fc62a172a548979dd537263cb69d05d536fdadb5af48450e9
5752,5cdfc7920ff4df485ef8a314138fab7a34e283616287abbf0f800dd2
4778,a629beb99f0d37f168dea971fac6eaf149a7ba295bca5531289eefed
5152,9e72eb395ba6fc2e9b2050bf4cc1dd954e2ecb149d67605b5d9a2555
4975,e8b76c53bbc0219f1ee82bcc8a42fd9cf758e879a794d3049533a922
5234,fecb1aaf165c7a120589ae3e49b94161547a55ec4340ad92c834b3d4
5751,d83d8fe1ed5fad1e4313120fec93116cde064024328b8675023ad745
5552,455dd60aae3a593e62e3bde027212444c47acd07ce0cfa62a6140f7a
5323,62d4f7bc155f1337b715faf2e2ef5eddccf581e64d29761b90386694
4808,7a82e505da30d9d4710d4d2d10e7fcab2f43a30377f322cd99abe0c8
5087,231252d4d44a322f806c431aae01008e6cc589168365afc593a590cf
5156,ceb8f37505b2307f8d795ba76ae5a5f1574152c12d3a7e57318e907e
5230,6fd2ce24ae6532575d0459ce8d9264da8c4dc24e3d41dbbd8fd9df32
4827,e4bd4f3aa3d243656029c6475118577a300ce72bed39b07e54998461
4823,0b823021a14862992c3c4a617fe9661565d106f55dfbbb452a738f1a
5337,92f27181aeca46db6cc0a0d2c135d8ad9e38e90a07c0baad1442fef8
4816,df14f436ca7e70f18e5805cda337fd5d0049da4ec422291a7e562cc1
5227,bb065fd898fc7b7ed09894e2bf6879185508ac35a980d61941fb8bb9
5494,341e7cb7da96a61654cc73ea037fc05a8038af3ee902ea09b378c0ee
5412,d9303292bc7d8f6d1cc9a9958ea89d5fb90cf57518c0b309b845b33e
5276,0884e9655854c3970bbd42036105001d4307ce43fbc1e579598154da
4976,8eb49cd728f24e15f62e2e64866f0ca5947c84065636ec92a3470f46
4938,9b4a6645d7837b2556bc4150b49b0bf0f2a716b1d3376046ec64a8a0
5786,e2215a7b8323a94ccead8a9500a1a02a86398f6bac7b7bbc5d04f912
5302,ef71926efdab13949a0cf6b384f71f40845b523ea24a5ad6fa5784dc
5074,c7abc280e1a370916684133fce23fd2c9ef7cfacb368f3c2da233df7
5429,429c2b01f157033fb6953996a7a681a25d4e1d72ff0631df919c82ce
5561,fe066e8aac1354e07651893a19155b984f3df43ca7b917fa686a719a
5142,e0628941e861dded999ac36026dca60ce5cd3abbef8d1065ac404535
5293,100931ee72bb01fdb89ea87ce0e3ee99916acb20d0293282357c5485
4913,3f1b7ef4bc2d92ca7a4dbcc5459a19e0d174bd8fec1c4cb6e90aa343
4939,7c8ea73986b302e36d307fee692edc02c547859af3d0a5c4a6b9bacb
5512,487b27bc82ec2621f7f6dcab874036d88c43d06e9714026b843b09c9
5332,745972897e401a4cc9a832c8e2051ed5daa2e4e49dc2c99e7c68a22c
5589,858d541a3e97027ed6b7a8dae9c10bc2220b6185bf746b1735298c2a
4906,890c3b562d4c3c4239945abc84e9b256ba9b318755712ea40e1d5763
5472,89731a70d66005ee01db6fd7d137afc32621c5c147a1b47009952f33
4933,da88fc8ec4e3884bd1a06873c3d168f3b5d245cfaa80f7f6f723c837
5352,85a43919375c4cd5eb876d012a202ece0df171927783259910fff706
2727,6b3b29e07d92729706f7705aed8c4fb0e5cda9fbc812a36633b7ade8
4949,5c621351bfbda089d7c875b856030f8385ad4cb995f4d673920af47d
4964,faa5287db582437746e3a298122b09565fd5b04b3f7e70907fcf52f8
4759,4c9854707ae8d473fa72d26a81024ddab9b1c138890f8755df40a2b0
4752,d61e30a037abedb5f077b7fd79a6a7150d563f56480ee71ee684ab25
5509,60cd3c98c7b9d2d2d4db1ed80172b2b6716d3ecca20894ca0d566c0b
2724,b9536a08bcd036cdb5120ecfb1b0122ac59ad3e6eccc563bba4b3b1c
4751,c74935ca7dd7f403c1565bb583019a6209de4757e0adc3098c3864cc
5017,bfbe95021badefaa3a628ab057d3bdbb0634058fc140d2cf221e06f0
4879,abd0f5245377406b6261942614705c1afd0380db111cd5d65c3b52fe
5458,c50d9922d9c12e8a1684b5cb76fb99cbe61355d2a5e3e186783eff7e
5123,e1046e35e42acd468d3a309f15745ff4c1d11134c8692eda09dd3f9c
4738,58757935c4c043137c603cb85fa5a322c8e6fbd0413a773aa675c716
5322,7268240eeacf3e421f0237dfb23f16ca2c78d55b8c79a224463fda25
5375,7d6fbfdad6ef7b37b1c7337c14ddea83c75ac8d4371d282a3deafc97
5029,d7170b2e231f2cfacc2d9dcae713d8b76f2891a9f620e5e9e3f2be30
5151,96b651b3f1baa35e574da89c267844878278c47b4fbcc13fb04dca59
4936,e111648e2bc9e1518fbf0d7f51d20ad55fe9fd6a2aba086be13622e3
4746,cffc5e30757035d49dbca18534e209d14ff543185b5685d5f4448a41
4847,a21839c1a2ea2c0a5dfb3e81c652210e69fe77788ac2d58b9f21d22e
5255,7b43dd461bbb606415fb85542ea7c8c96e022bd26e5330aa484bf6ed
4970,677bc095aca0b7dcd93f454560f6a415f18c9ddd5b88fe6da319bdd1
4861,99e3d739b1f838f39afc1f542792d8a9217626516842da14aa5fc403
5613,e89c609122d733710fff7600c38fc26b761ae71f0be84a74b223947f
5604,014bd76553ec78939801bdb7cb99f292354e0f6ca5b9a806deb8c650
4754,7f51292cff3c36790137aa9cbed63443a54963a92b2197edee5876c8
5291,524acde9c09fd3b971c28b04705811dc3f8422aac70ebbe8355aafca
5007,e0dcfe3a11fd23827c1ed2dfa381e9d5a2d5a70d97d6d7380caca365
4968,b6e1b23c583f1ace01fe8a64843034e2ba6c51cc6226c05272a84824
5524,c95bd5b3e435524371af1761f2840a5990135b6ecba7670c44426c0a
5133,8fd71a076b0977d92fc3fbde5e59614744c865dac0043cd15e9ff240
5484,3780a9a2801bf29991b09953702561735ae0245dbcf415f321803d3e
5553,39121b88490934ad6258f231eeaaf0b1f9954e471557a3edbcc7bb3d
5445,f46af2b06f0924264e6fd53d96d4a05da85ea5e0d74fee2642b2d41f
4875,8682218d740752b20cd420439e45aaa7c5634f4afeb771110854d385
4944,7dafb0f9f1c81b59d4f9fbee96b0dc6337ee0af4fb621dca8ce44c27
5222,d1c6ff1e14cb30be47db1b7cdb8f3d9ad9ad70dfeca7ebc3700c33f6
5424,fb6f1b165c09947b816e81484d10ee8c07b497b8762ae23b6f00c06a
5329,7429fa59eedfccc6d88d2fdeeb13710fc04bc2370e4537d96f777205
5582,cb9d711bb75ad33751fe05576d8c6caf1cd75f5afa78b64e9f3e0e0a
5719,9f272c4d08fb9c2cd7a4e67a650e703677ee98a028e2100dc817fa0c
5541,697b1352a6dbcad298d90fec7b325dd4ec4090e27ce11b81ad27fbe9
4817,f1789396281dae7dc41a201f1168f7927801969a1134cdb514ab7200
4988,b57885bd7c8eb530c4469f5b6e97d72b6561e1e43acb81fc8da7e526
4829,11481d3e9c20c90c7b5675615b660d22b53ef72478b27e621fdac37d
5247,b2df37ebdd3e9cae12d2ea263832890c4bbb20b241ff09fd0ef883ee
5393,0bdc9afed0f362fc335758b68aab53e11451df294fcc9f9e5fd9a819
4877,e37e2c710296e335fd15558de2d226fec820e1c33b898a25e3b6788c
5076,32a4da6cc0b41b007a4746f3b037a585e7904f8c87b222e1432ccc4e
4800,00532ff7adb6c45ae4c5261bbc34425fa2382326043cffca935e9bd5
5011,b40a02e5b4da00294948cfd5bcf3dd496dbf93822f84b302166404cc
4853,24e35eab730567d7fe54635245eee26c65e3e2a9b3a47fbd2d23d987
5598,3e4b6146b383250ddf69c21caa58d5a008058d7fd761837aba1f9d44
4761,ebb0d0f4b614db10776e43f2162d48529f519b9e10ed9d160c8ab92f
5513,ab3c16244477ef2c9c74ebb108911d3df8a0d7c0a15e48376b7c14d7
5028,2e14b05b8231df6c4b74765f795c1f18782900afb6a7a2cb19c2484e
4734,fbb70614571b51591dbb5e622a79289f5f7b9ee1ef7fea2a3b66b5bf
5221,d2ef41568c12940b91b40c460ca9a7602c821ff1629eeee328504fb4
5560,1c25af363d964eeca596fd29e2ddae11dc80b60e69964656659e7da8
5453,1101840b9ac49777c741e67f0f1a110651df1d50b8c3fe75e7e09c04
4957,c087cd3f581cd00342057035e1272175af19a52e57b15441ae1f28b0
5600,d07d93385320e1141f431d16e5a0b77f518b4ff81a6a7dbab834b932
5233,451971b40b2417bacf89e7102d5882146e631c496b63eef36d894da0
5231,b5f45ed7c51eb485c35fbb49926bcb167f0c2ae54ecdecd6f5835a59
4790,94046de36bd3dc65db33303b55fb1953daa6b5f8bdf5824b2186c22e
5320,8e80261ce8bc6fd638c6b267c7d4e984e3c11d351e876915a84114e5
5486,b5dd5bdeaae05d19e877e8afbb01c619b50cc09cbe505d94d3143c39
5075,28cbcef2d96165508cf7d8ae4481fe7ac0835eac8b333d25ca15f6dd
5177,afe8120bbca3b5778b6ea569a470ff9d4c30751e5af8a39ee496a8e2
5505,30391bf7f19af66e0811a536fc8a56947e214aa61e5da1cdcf749713
5427,a099040888c5071663bfdc6312c868fc9a797c479e2c7999fe8ebf2a
5256,aaa3df73d029f49306f6296e178eea852318c8c44ca99acb900e0c03
5363,bb4df41d8949c7bc08fa987ed8a7bb29d865fee7efb930d5d8dd465e
4961,fda87058a96d36e24deccd23bfe77c205d54106db6ec76ed0c1f37f4
4771,3eb23da1dff5ebb7c64b5c0508b517a565b7887bc799da1fb6f5494c
4742,7214f5c825aacb87fc032a6739d3f7a93bbae80c7fd02f3b249eb059
5217,836695652d98bb6bec7c583d7c6ae43cff657cbb78b4c333899c1fa6
5122,ee9e15087241b6f41a03a8145ce9beaab9d18c6d312d76b2128d4962
5213,6be523a02fe846dd40ff4641f434e2705b2e2bb547b6f5fc84c434e0
4769,f055de25a96daa6d9a39688bf7cf1713defff3c856bbfd6374b0db0f
4277,450c2ae61098519b0ee231152522da2a18992208fafc7be4e93e2c47
4274,7884541dfec8a86a288b5bc09294c585b1298a9b3fa0d894f6a8a7e4
4897,a44a2965171465658a5c4e8e85a92453ed64de6b1e3184d52eb9f681
4844,6e9caa916d2943d9b2702c870028bbf0410b95eb19d27d9e0d384469
4874,c013a74cfc3a9f218ad0e9d8e006781f9211b34d775675cc7c84660f
4278,475d0c63c26f154fca07655c6b17bbbdade35ea6e7666ddb917c5207
4791,248ba9ce876c5a372fe61b793d2115b0f6aee00c37519c1b0a0d9394
5198,1739b4e09538cfed6549ec7030c7c18d5496a542bb2b49c87c8628c5
5542,71c02ac69a53413ed62dcff4a0a1c06fa5d0bdfd7a2ffc04a185209b
5350,8ede90ef43c2808fa0a76d764bd9589079069ea20bd734211b2a2043
5316,b0bb690c5d95024573ce8376efa490ff045b118a213dc2167eb4a594
5296,591fd2282e6229dc8ad054a56ada1b0497c9d8df818c02e9adeabce1
4922,9f0a9107deaaa373e2be23bb04dcc4851dbf7c5c9224cf5e388ccb4f
5014,96e0447927dbbfde9e9d962e5f42f33306297d8ad63742409bf13ca2
5289,bfa905f19f199d0b3395fb84094098a9e5812f2ea1b3fe287e189c91
4783,b5ef77b0854fcd280ba5f262f911c5622dbfd93d16acf4b739a4c530
5267,6288162edabd1e5ea8ec064bf24d0b44c24abddeed8b198c5cd2bd69
5272,083941a11f644d639eadde4ef181dfa62c190c917ea08f8f14bb0c90
4960,aa69d0e62bf49b6b5513c4344a2008e5fe4e25c34cf79b4af76d5d09
5495,81de7848b2be0b5d50126a8c848235f69381abd0b5ac461f5e331664
5314,456bc81a4a247ebba2c692e08c07da173a43e8a91dc9e5048acad95a
4888,365cd766f7051290a594fee19140ae61d1f01e017660f5bf95fc8ae5
4969,845a3a7778a7343e78cbab258e57e92920c3c15843ef7fc29d515489
4929,94a06ab9bd680f066856fd7deb3941934117ff74f9e1e1b9d3c012fa
5750,f76cfd52d1456152e35048a17643dd39d25db5e646c32e418749c94e
5574,79ee055891e55b8338f00564821177db8aa0f5794ceb3500bd13ab23
5361,adfeb851b6a59b042cea35f3cf3a7d20e9362e759a31ccf94a16f85a
5292,d55e0bb7b8b29ce3927a1c3d54cab9d7854abe9a1481463722dc3a47
5563,d3d7b2989610d8b2a4417c63a369d1eaa3bec61c1629ab63c2782142
5593,2f33b4515cbca6fabfd67a503bafdaa965f1d965ff791ac346cb73fe
5092,eaeefaaaf0d3314c032c4e3414eeaa1b3a5a7a1e77dac2f7c9641f25
5531,ad46645dc75020dff24964b3c1acc979f57f895d4a5d99974cf91b6e
5283,bc56d3fdc81729f32999b265ad9eb9bfd09c4fcd005d1ba167fd6c13
5269,55718700c4ad3198167d1df1ebe706815c89a2d04411f54c368df366
5459,38769cc73e6cff12e73b905e317b66287a54d2118b1441b207380348
5525,eeae8697f09de95f5a7e9f302c8ef07079ad07243e40d52fdade3a35
5374,20594590b9cde9c88f7f6f4792fbefae917429653557e45c80d2dc7d
4811,fe1f06e746829d209995b005764559de86085fe097643af832007697
4753,f2ff9a9d8f993b0dada2c528cc98d80d213cee2221d117308de5dc92
4794,f736e55688223b35cae3df1b1e48e67653486338e35ab3b4ec876c84
5335,f27d088da569ab83c8993b4c2c72c1bf0468ce7372215bce0a1d7de8
5454,e7ad1a5b858a9724d9c74dce95698c84aa8e910397e87c50a6f90614
5349,d612b761cd70b6d38922643ac28a2dcafd9aa4205bc957f4c7a62b84
5605,7e528ca58d4b9f47f3f14d14e9470a0ee8cdf1e436ba0d1dba0cac04
5303,73471769d3137400c1de06671e503980ac7c6549e4e47844794caa94
4744,19cd1051b844bedfb7e5e16d66be802adf38f1270e59a9a519d97f9e
4799,ea465fb6ea7224915caeba5d334098f1628399a8d6fe948b3df9654e
4963,0972c7b9aeea0eeef6a0b98f8c39304d94f197313b1fcf00e7d4bdf8
5462,64e77250597d8c5073b11a1d6dab9d4b5ff5a1fe65891af6c30406f9
5436,0335847be86342f36c82dd532cf2be22a5d8cc121cd9ec2b5a2767e0
5265,03b3e4e39a0923d13da265a400c07752a2418309fbe1fac17e336124
5131,739cc1c6b30d87ba12a1cb949b68f3fd2ca8f96f440d842a8fdb1ef7
4859,bce7c53e3918e7dda112ce9c05cf0564603adca9b10369e609266c60
5483,4cfdb343b27ac0d90f4afe0c40d8bce7e430cd7fb581b1fad987c757
4796,e7757a0bc8e549bcc17246effb66b17b839560e3c775a1ea57baed4c
5508,663e9fc9f324bec833c400620d9f65e3e332dcb4851177367f467386
4113,f68fb11521180b05268f34b41321f63cd145d501059de421ce2420a4
1100,8e3b10ae63d98c0e32906483fcde71f3751fdb8dd9314786fcd0f2a5
2723,82462611c569c8ac17112c168f68d6727b27a5f6e3366b62b6f0e5b5
4773,454849597b6a0cfaa4def66cce3007c5edfd2d903f93785d4b9d2bd6
4795,bdb88a9024752da329742adaec5fdc7e089f69e9dff29944cb307a29
4747,65007a60b9d4e6568c2c3a11573d5b964d563f72158a84f0b7137c71
4992,7178f730b8a15388bc1ae2998968fbc2c1f1ed77255f4657ec237925
4842,aed102915aa283d121e19894ff9471777ed1a0ac3f516660452cedaa
5120,af86e7d215e6237aad3f197bb1dd475ebd4d08a95a83ecb493060eb1
4843,b1f8d91c30f0f6af25bd75a11734a1eb7af8e364860c87d3b804c86f
5232,2a8c7ade8b469fceedaed48400ba02a056519c3dfaed38f1c02937a6
5619,7eed417264abd4410be51dbe530130a7f262277f9a31fb52a27799d0
4743,8be404714fd73f23ea1f8e505bdfd2f0a1ee5500729c861b60ca30a5
4797,e9e7ab7f8b57fd49c2582de738e1273911a13220c82218fdbecf6d30
5671,703aa9415c86cece112c417f586f9b50a91e4a43bc3b63450f0dcba9
4798,c9a531bdbe8da2e4de3cb5d8ba9a49386ac580c70e87da88067c74c2
4789,ecce4224376ae275c9cc6a72439f9f3de8eaa9a960c541116701d022
5451,84464992fa4c5c2cda634441db942d0853e100aac3cfa081a0cb0293
4822,c2cdcac0fbb27df8a88e1a91123b3ecedec67071757da5591153c4af
4972,5112bedfd71d692399d5e9c17ff5a631d4b4ef5068ca5ba70cdc4845
5024,13c8506928bf2ffbaac7f2c3de57daadc91634c427189342cf402778
5760,ff9cfe986a6ddab4bb0f657781d76357219e13d8155ada393d984b89
5763,2b49db84fea5d6278120e5b0713fa97dbf04509f3c1edeff554a13c9
5758,315bfba8adc060567b2682f8d69e2933d653280ef17d214736af00fb
5762,fbdab761edb659e262de04608f68f7b14dc043b60a397b0a6a7d043f
4275,7824f6162da758a9b2241cbab401be0916f91cb6149190774c3885bd
4880,3c6a014403c56cdefbaff1eaa05f10d278f9012213189483ecf203e3
4775,16e672fd57ae85e27a4888d7ede4373e80700bd560aeaecf31355b96
4279,fe117818f7e815ef6b10bea5e4606ad6f413e7b3b8c47c4b8dc000b6
5444,47a25bcf0e6c12e6376e4beca3518f37db9e0717540fd17875c2ce7d
4930,498449dd5eed415d33e7d0ff21e5c8a507f0b25853b95b218e7d2af5
5535,46666834dcce5387d999ca8e9f84ce82b0c558844c94e2493631f28a
5248,a402c9ab70f2d03d663ce24a5d22873c43dd471f546257ad3dd767d2
5774,591cd88e5f0b705f900ee283b41bdacb46c952e8d419ae269dbe8a4d
5775,cbb5254f017c8e48847a3fee92d7f2587b7a14d2c848624648442d8c
5777,e4e9af10c2eddd1daa5c12531d199455ca2006a3b819ca5945780c65
5776,47a8200ec5d4d8a3cb5c449c3a172869e21b31f70256a6dd943dc739
5202,94918b7fdeb570b1debac8af51e636e7cd26e508a8e7ec992f321110
5773,cf4bd22b3680b54ab7d3f5a595fa3c527309d26bf633a449d575026f
5779,8a43b17b60416249a881e7cea22054a0ea8c520e6baa3b414133c7c2
5365,2c43f99329d4647650334fd10b1cd94f8e96af4e03fc660e95a8e8b0
5772,d4217d09797fa12936b303eeeceb18c21be8f3a5b70066590c23daf1
5778,c7f542bbade85e403d06cf81a85afd757baf88212208897cd98f7561
5108,973ba937643e0fea5883c457d74cfdebad279860d345641988a3fb92
5670,2443807003fdee5b1ab386ace009bdddfdc210dbc208a6efde7a6c0f
5357,f55e76707f18a085b0fece7d4dbc65cd85542183dc0e1c3ccb2148df
5889,6f4195ce5186a41ed56b793df5fca2d3908172e7ac0847c7531624f2
5680,648eb45e200e3c7b815e82d66b53e8852a6dd533bd92a94e1fbef862
5032,862f5c420f347daa942ddf37228d0b9ba7bd44617f11fd64a070015e
4979,b603895c75b84f1f18cb9312571d1e60fc1bc0300ea8da7542e54c6d
5765,ffdb64fad894291a975de733b90be17e0ea367e633118756831a3ece
5006,16b96365ce3084c9c269a3d22fe959c615c0697eb40c25c16246d201
5431,d2a03c1d1a53027c441a2f09c165c0f54233402d31c3ccd7a9bbf6b4
5078,b230f2375552ad8b47e14720040810282f942e236123cecb1e605872
5245,810f8e601a5b5b6cec72d5d1bc46e52b71e26ef916166f919a6bcdf7
5326,14c3362cf8ea9f5256c38753628898b763eff79add6906e26ac0015f
5018,2defa56b2cfa55762a41009be049eb812edcd39f472df3389dc8307e
5768,4619489ffe40efa396a120d933bfe386ee5da1be1aef31ca1301b35f
5769,3534d441f9d8f11061b6d920195017a6e96677fa7ffbd014e1a055d4
5771,200d661572f30a5fd9f55c4548c716ff05dd9a560cab2b5d7ea3af61
5113,ad99b8c6650ef872f85ca882afef51c283e039154216c927c17bffd7
5295,c1178d2f2f98e181a343ca0fba42a0cb4680147eb04302a00431994c
5767,e342ab62bf44b7fee65028b69a71f3c746ef468380dcb9ceeb0d4c5b
5340,05f37878f62e8c242ba27492bb30dc9eaa1c01e07f2332801338b080
1092,21df45d55f0a41f167008453063c6d32938071ad4f2259549f2e5e7e
5527,d9aa99a23d0ed4e3546599958093d6781373fad2588e91463650adae
5450,168e9ec4691a9333da088d565a33ae8ee8ed8c528ef63a025439cb7d
5132,a9c3ea24e8d0fea7f8296a91cee8d2150ebff3108efe9f1d092a83ec
5073,f4cea934ffd98e12872f3455475a00d000dd3c00db02a1b24b9d5a21
5085,6694b5de284eed631f461c57b94562cef079a5fb44049a1b1d71089f
5615,e34f3a5ec6ae16e2a0eb47a794ab7e1d25b8fefa17188f6ec74e5e86
4947,66e62487c1d3dbe603cf41d9a3fc3f55e0164f891390e04779f87630
5220,45d82fdbe2cdeb08d649f3022c5afe791652d4e991cf7dedde322255
5161,bf1b8f7aaec239eaa84e3b64a68fbaa5a3a2316c0b60b98aa3d487db
5558,363d89528d715bb15cfb9b0e5da26faa7a3385ae8b7407b2abb1c602
5240,a553ede9769bb9060573b2e8a3eb977bffea20dae0bcfbbd5b087c66
5369,f4adb9b9bcb8c4fee1738628e738f6c2571a85ccfa26104459645b37
5784,b3dbec12f131bfc8767279821f480b83f961b72dd93685abb046a768
5780,81bac0211e3547e13b2376a697d3a181805ef73088c8b03adfc1e3ac
5785,25c4aa436ba76026c268ac800db1ad667ef1499589586b30d81ddbbd
5783,15e7982f59ca77e7734437b9337ac33a7a5c084a8c15b2171729fb97
5584,fa28b94c8a969d219e8d5c461bcc079e98c9bc2c3ec7afd2aeba59e6
5756,189ed57ed851623a546f891429e7b4d007d9b59a500f5d0cc09e591f
4871,d466b40eccbe63ad5409b85982edf6a4bfb2885b1d69494f7bd3b493
4276,8c174b9555b640820ae0f23cdc822bbb0fd4df87844505f9c41a6a83
4805,013b7803f9ecb62f107c6cd80768e84be574916b8729726fe6556dde
4867,fb069454125fe253536d02f0ea37e80ef83432fa301919cf2fe32db0
5270,bacf3e921d05a59840d0f4cf62972f922e00673c13afb6328f54c629
4812,3d22fe92d622ac34e0e6917151bdef524f7fc32bfd5337bddbe90af4
4965,9d5a3adc1a02c6f23ceac311ca717bc29e70729a6559ae613e45b8cf
4851,da9e59a8e8aeaa826f4d2ae3f8adbc944f49baf3583e68825415006b
5405,af2c769667fb2ae63fbba5b85f3331691a04ac16edcbb8e294f85aee
5787,b849ac9f5857123cf333eb4175c80b0904dff83166e602663983538a
5789,4588491546e5b195867c6c71403678529b8f79e06eb131af4f0565ec
5138,ff1942d7d70a460b5d1869dc6748093253959377852874d7246ae20e
5788,f6558e899607a505c480a3bbcb8d7e854f200ddb69ad8a900551a74e
5573,c5f5a9e5f6e6d09ea70a6fefc6c630d2040625ccb21f86b1f5af0fdf
5090,e92c2a189c58dd6a6d47a5840442c62d35001503220a37eaa737e5c6
5084,8ba882e4664f59d07ef69981dcd31bfc6a63848c56310c0bb6796721
5362,eba262b938254cff21e1bb7e7fee55d6d55794a084dd4d140d142b10
5005,ad50aac60be5dae55c9a2f0f154909ac3f9fb342c8fe2ed8b2373db2
5757,f1665730d0244f19008371dd79ae39f420f6df9cf952d534308faeb4
5400,55830460234acdbd31ad1282f9b71846f9fd701103bb776e0b1ba30b
5500,ce63c0c2c82c2cb567e28f36bd5bd9c6a7e5a934598e5aadee9c6dcd
5417,3027db1451b98ee17db431f11f216452a5737d470dbd50822c826307
5679,b484652b2b92fc42fd01361e2525de569826a0a1ea531b52a1772eea
5681,65fe0cd180f97d80da3e7eed31dd81a05deb9c28db4afa0ca862aed6
5128,86f4b316542455992a97f5a7ac1ad4ba99b309b321cde65f2916b7d6
5791,8e7d94607ce9ca1c6b7bd837ad0642264cba34e4fe569413ae88ede7
4982,0cb97ce7839bf41abfaa497d8b09e5b4794dbff619837bc7794ddce4
5086,be0564056a37f9f536dc74e7d48bb8f9882eaee38804f0f86fefcce4
5098,f29222dfbb1918b94addb801f7f5db7213d8b1154e36f5bf42cf137f
4735,c86162897780177602e7cc49bea970fe0ab0c731a6dd4813c99e1bc7
5544,655701f6eebafe0b4dd24192571970ac149977a7f5f1178704e39279
5440,7e4a300092e3fbe986ef9b6164e35c1d15d5c2d82214e7ca489788e6
5618,424686a0ee37dcf3bcf61edf2d2dc3dd2e0c23631843d1aa85825645
4776,f4713896d14a5217356a05207279084e3f4ed2523897384c1be5b803
5395,b9b0bbe94293b518132a04c02efe865c5ce44865b710f7400b1bd820
5770,832acaef990de890379d93a5216b05bd460535ba3c82dcf683f1b1ec
5595,88ce6d74d9396f9a1d83ef5e7875527319a3ce7359d8602a4bbe8514
5781,fcf29254bc764a935a97bae0f2832604033ec7993eaa59753ed8b07a
5207,19e32e0397322dbad0250f365ef188424867142f70b8920aefb453b6
5210,e2d3e79e6d598e2851d0b9e2d34d6ee9febf36dbd4344fda5724ef52
5023,1f5fcaa7d82830311d706f777003978fc89622cd6908f5285ab21b25
5095,1d70f7254eddbfad8c07ac6b4ffed7805576e03815c9244ec084af17
5226,f6dbc44e7900f453a1626340393fa0169f9cba0d3517ee378db3599f
5759,eef8865aa76625d14ce271c8f52cd0b869d1938fc7f4c6d8fdf804b3
4904,185821fb0d87731cf4db47dccaeeb2653b4e8867515a9b75f7df36f4
4923,bf9d93396a9fbd02c9566543ecede00f059a713bb6944daa4f9d3805
4915,372b3d79c2f3bc162db9568a78fb39cbcc27c34e499945e483645d31
5379,239114a3d64ac8851a7e8e94c761eef8fdfb2893da09e6fc3def7e97
5333,92540d793713ee0598c32b16472c0b169512f6b3f7007c803ac39916
3463,ce3dd8ab0f56260ab4701ba6224e8f10a7f9d21dcaa8e59b1e7e913c
5410,e4dd21113ccece97395f9eade5bd1ed1cb3325f32d4716af71887e35
5371,41d1ac33ef68c6ae4ae562123de32911495fa64a8a568dfc153df0c7
5766,51175c0d1e40552f1c97b54f5d38b6bee2d75e785a9c21bf1dd4d8a2
4741,ab216f75293e1bf0b6fd30c5d31784efe9a6000e92fbeaca710ee0d5
5192,0850491464d08331274a21e80b5b7b2108f034fd4e6c75afc52f51f0
6021,d0e86165d46f72720f8114b676c192cc9786830cca98c03da5fd96a7
5173,f56bf778a02ef14c5febe249f6745eedd94902773f58e5c807dac0cb
5325,5767467be608c905369f6950905eba1c87ab892d069b94922d41c433
5137,9afe119c43b64f5dbdb5a77c6ecc821505175b7d700f4a5543011194
2409,c1a38dc3c06350f516d8508046b09dada86a71f0d36cc015c573d3ff
5546,686786c93a788797e38591c17abd8590f507f87424dc49046d074251
5581,3eccd75380fe44ddf61934644e553c496e46e9b2e4f1f8489b4fac22
5452,013a0f267b1a71127211d5ea46f95f1bb3083d42b22a2d9e490239c6
5437,99e80961f18e22b388a33de097eabc59189c6b0255e566d0a4c11d9f
5130,98adbdd0753ededcb688fc4e7a7193724f2877d359a9a2f7e91d8287
4951,73cbdcae0d5e17e95311e7d6d219ac2e6678f0f34c20e0c34018d999
5102,10f33ff4582d24021fe2516fae22094d8ae7f93f230a3e7181a0fb99
5169,d3f4790c8ebf754a670d6b9e9324f04b47d350cd6e33b09f90a26584
4824,a85b42c70e7647e18dd1da4a90044b647958199d9b0840842960b6b6
5318,b4f92b080feb3946039d3eb46b5b71a5ad3c74bfc0bbd54775a2f962
5088,b0175855a80c8fb4ed91245a6e5f82fd8d7633ab455be7fd95f5cbf2
4768,1a6ab4d29c81cf6310776076f2eb62ac3f85f1f9ef985f8dda4576c3
4855,a66d5ce9551f2d6317f67518c4c7b7fd7db874809675a1bd79210c29
5103,d983462ee60f01bda3302c1da7bf7f4cb64a3058b4061c16641cd34a
4815,9db9c3e9d33364b57be6ad1f5707c011e76a26bfe15e653cf8d8d189
3446,3261322f8baa30226b3e7ba0de8e80e6d706bdbfd87c26f3382f0613
5754,7d0e34bfd2371daebe59a12128d8fd53518d40faf94facbe9e8cb014
5386,a3c4d134a0f9558be296211a6622bec3c1f35dbe77e84a58f2f398df
6750,dd02a14c6794a69c35e25cf9525f32e42cbdee0b101521a673202df6
5793,f569aa821391832e3e181a5c97a23eb65c72d1bbcb90819cdaa06b74
3462,c5bc6694fb773e0981962191721d5699016c192e401a8d0d1a9b6a16
5465,a5ba2e3d33f00a7cf25cdd14842a02ebb756fd1a638f34af9e177151
5764,8bc95dff883f78612212b9b16ab63e4c6535c0e4f1670cfb7f78a571
2624,a7f06f0b9635cc04098a325b0ebfcb878c8888edd2464652bc989ae5
5555,8e5d31db235045a3d55e6dcbc1df579a9cc7a63fb072405c2d836af0
5685,a02392059ed868c1471ec7fb7fcdb0be988c27864463e3c1017eee4b
5111,ad5219ebe47de6cfa77c6f653a0a5715a6ea87c6b905ca0800ec7b12
4764,bb6e637964acd65780639a82890dfd2d71974fe65d6832e3a74187ca
5792,b98ca441dedec4b8a14752c0b7073013c58543e55721870aefaa48d5
4312,8751989cf5f82052223eb9324647b1e6a752ec0593c0fddbf3decba4
5054,6110ea707cc78d18535087040bbf4ca27179bce8bc6ec6127d2a165c
5321,f7d7439b63fbec631b5ce944be0a9293719a01129e5219e16b9d5abf
5414,479827d8f6fbe667a82e26e4a0962b0325c652ecb1ae9854570e1963
5003,541b809022c1ce31af141ab8278d976a1e03c66f72c3ddf91ff3dbbf
5782,d9c36ba18d62e5db2f4de15bb4eed9efc85c30e0edb43dce6264bf9d
4737,bbaa8cd87d565cbc05e7e403ca03aa54508f7b054353bc70ca962289
5602,c945842e857cb0dea4d5eef3daba68a574e4f35002f874173883f95e
4314,acfa912976d97dc38271bd960de6987f2b920adf0e0c8eccba0e5bad
4313,4053b18677e026b6eed888594dc9d25c12e400114a2f3ecf577b4710
4316,e3402b3dc435f5f344b1502dcc2dbc56c6bba6e169ebeb3a66856399
4785,6d2303bbe13bd85da31d44587cb913b30ea0fc8c5ee59c1eb7e3d82c
4315,cdb0f07bd26c48b2b0bca8f7668a09278fb8600ffe72c5f7adbe48d0
5761,6a408b5eb6ea8b0e122f3205dae00b7887317dccdeb2e5a0b009e0ba
6747,2d9fafd6f92e483890305a6dcb22d256b1ac3f00075fe4b7fa3756ec
4945,8081da9afb4796b7d686fde2fca5c85135d9ce17a3adff4ac9368821
6748,2e661383534105cf9d7f9176ef9f9725677161e21782250ff9c35d34
4810,3f27429c61b9643c926d3fe6c589398c5b1c2537d1f2e8c3d5d5f844
5145,caea91a484691d9cc3d39498f75dee87cc0c114c4dcc6cfa96218627
5683,512d7b3a4da286fb1e3ba298f5d1a86e4705c7f085d817d205c434dd
4909,61a1d1689c4dbee1e059888c1325171e144e22e8635fd35e4241195a
5790,d0835ce1c8d1b1ad939da9219094f29bff9741aeb8abc4a83649b48e
3109,cefb007ecb44d7b42cfd27d9afda734b5069f200bd9470add54b95d3
