0,0,0,0,0,0,0,43,34,25,64,4,0,0,0,0,0,0,0,0,0,0,0,0,0
0,0,0,0,0,0,0,0,0,0,90,0,60,171,178,218,210,0,0,3,0,0,0,0,0
0,0,0,0,0,0,0,0,1,76,31,7,0,6,0,0,0,0,0,0,0,2,0,0,0
0,0,0,0,0,0,0,0,21,0,0,0,15,34,2,0,0,2,0,0,0,0,0,0,0
0,0,0,0,0,0,116,99,77,12,6,1,0,28,0,0,0,0,0,0,0,0,0,0,0
0,0,0,0,0,0,0,0,0,0,0,0,0,0,0,0,0,3,3,0,0,0,0,0,0
0,0,0,0,0,0,19,26,44,3,9,0,0,0,0,0,0,0,0,0,0,0,0,0,0
0,0,0,0,0,0,0,0,18,0,0,49,39,45,44,26,45,14,0,0,0,0,0,0,0
0,0,0,0,0,0,0,0,0,0,0,0,0,0,0,0,0,0,0,0,0,0,0,0,0
0,0,0,0,0,0,0,0,54,94,29,43,0,0,0,0,0,0,0,0,0,0,0,0,0
0,0,0,0,0,0,0,0,0,0,0,30,0,0,0,0,0,0,0,0,84,83,0,0,0
0,0,0,0,0,0,0,0,53,0,7,0,55,65,15,0,0,0,23,0,0,0,0,0,0
0,0,0,0,0,0,0,0,0,0,0,0,0,122,94,100,161,4,151,132,8,1,0,0,0
0,0,0,0,0,0,0,0,0,97,36,0,0,0,0,0,0,0,0,0,0,0,0,0,0
0,0,0,0,0,0,0,0,3,37,4,42,0,2,0,0,0,0,0,0,0,0,0,0,0
0,0,0,0,0,0,304,154,5,0,0,0,0,0,0,0,0,0,0,0,0,0,0,0,0
0,0,0,0,0,0,92,24,95,0,0,0,0,62,0,0,0,0,0,0,0,0,0,0,0
0,0,0,0,0,0,0,20,46,0,50,15,0,0,0,0,0,0,0,0,0,0,0,0,0
0,0,0,0,0,0,45,87,51,83,10,0,0,0,0,0,0,0,0,0,0,0,0,0,0
0,0,0,0,0,0,0,0,0,0,0,4,0,61,34,31,7,2,0,0,0,0,0,0,0
0,0,0,0,0,0,23,77,62,23,0,0,0,0,0,0,0,0,0,0,0,0,0,0,0
0,0,0,0,0,0,0,0,0,0,32,0,12,12,0,0,0,0,0,0,36,8,0,0,0
0,0,0,0,0,0,0,21,97,14,3,0,4,4,0,0,0,6,0,0,0,0,0,0,0
0,0,0,0,0,0,0,0,7,2,8,143,19,0,23,0,0,0,0,5,11,6,0,0,0
0,0,0,0,0,0,0,0,25,119,17,2,0,0,0,0,0,0,0,0,0,0,0,0,0
0,0,0,0,0,0,0,0,3,40,18,19,0,0,0,2,0,0,12,0,0,0,0,0,0
0,0,0,0,0,0,0,0,188,34,4,0,1,0,0,0,8,0,3,0,0,8,0,0,0
0,0,0,0,0,0,0,0,9,0,102,0,137,109,0,0,0,2,0,0,0,0,0,0,0
0,0,0,0,0,0,25,9,14,0,0,0,0,0,0,0,0,3,8,0,0,0,0,0,0
0,0,0,0,0,0,0,0,115,66,0,1,0,0,0,0,0,0,0,0,0,0,0,0,0
0,0,0,0,0,0,0,3,61,28,79,83,126,139,0,0,3,0,0,0,0,0,0,0,0
0,0,0,0,0,0,0,0,38,63,0,0,0,0,0,0,0,0,0,0,0,0,0,0,0
0,0,0,0,0,0,0,0,17,0,38,45,101,185,12,0,0,0,0,0,0,0,0,0,0
0,0,0,0,0,0,0,125,0,0,0,0,0,0,0,0,0,0,0,0,0,0,0,0,0
0,0,0,0,0,0,0,0,0,0,0,0,0,0,0,0,0,0,0,0,0,0,0,0,0
0,0,0,0,0,0,0,0,0,66,36,32,0,0,0,2,0,0,0,0,0,0,0,0,0
0,0,0,0,0,0,0,0,0,0,0,0,0,3,0,0,0,0,0,0,0,0,0,0,0
0,0,0,0,0,0,0,60,34,21,4,4,9,21,0,17,1,1,0,0,0,0,0,0,0
0,0,0,0,0,0,0,81,24,31,29,0,35,91,0,0,0,0,0,0,0,0,0,0,0
0,0,0,0,0,0,0,0,30,65,7,10,0,0,0,0,0,0,2,0,0,0,0,0,0
0,0,0,0,0,0,0,0,170,60,24,35,22,0,0,0,0,0,0,6,0,0,0,0,0
0,0,0,0,0,0,0,0,14,0,0,0,0,0,16,0,36,0,0,0,0,0,0,0,0
0,0,0,0,0,0,0,0,19,6,0,2,31,34,0,0,0,3,0,0,0,9,0,0,0
0,0,0,0,0,0,20,15,28,120,107,0,0,7,0,51,0,13,0,0,0,0,0,0,0
0,0,0,0,0,0,0,0,16,5,9,0,9,79,3,40,0,0,7,4,84,50,0,0,0
0,0,0,0,0,0,9,95,95,5,1,0,0,4,4,3,0,0,0,0,0,0,0,0,0
0,0,0,0,0,0,0,0,10,0,0,24,0,0,20,22,4,0,0,3,0,0,0,0,0
0,0,0,0,0,0,0,0,0,0,82,44,0,0,0,0,0,0,0,0,0,0,0,0,0
0,0,0,0,0,0,0,0,0,0,0,0,72,4,0,18,2,0,0,0,0,0,0,0,0
0,0,0,0,0,0,4,104,51,0,30,35,66,24,0,0,0,0,0,0,0,0,0,0,0
0,0,0,0,0,0,0,0,0,0,11,71,26,0,0,10,0,0,0,0,0,3,0,0,0
0,0,0,0,0,0,0,0,0,0,0,0,0,19,78,7,0,0,0,0,0,0,0,0,0
0,0,0,0,0,0,0,0,174,138,12,3,9,99,0,0,0,5,0,0,0,0,0,0,0
0,0,0,0,0,0,0,0,181,166,2,1,1,95,0,0,0,4,0,7,0,0,0,0,0
0,0,0,0,0,0,0,0,0,0,3,0,0,21,0,0,0,5,0,0,0,0,0,0,0
0,0,0,0,0,0,0,0,12,0,0,23,6,12,41,89,0,0,0,0,0,0,0,0,0
0,0,0,0,0,0,0,0,0,18,56,36,2,10,0,3,0,0,0,0,0,0,0,0,0
0,0,0,0,0,0,14,47,74,81,28,0,0,0,0,0,0,0,0,0,0,0,0,0,0
0,0,0,0,0,0,46,27,0,86,29,0,0,0,0,0,0,0,0,0,0,0,0,0,0
0,0,0,0,0,0,0,0,0,0,45,59,14,28,0,0,0,8,0,0,0,0,0,0,0
0,0,0,0,0,0,0,0,0,0,0,0,0,0,0,0,0,0,0,0,45,0,0,0,0
0,0,0,0,0,0,0,0,0,0,23,23,43,34,0,0,0,2,0,0,0,0,0,0,0
0,0,0,0,0,0,27,23,42,0,1,0,0,0,0,0,0,0,0,0,0,0,0,0,0
0,0,0,0,0,0,0,0,0,0,0,0,0,0,0,0,0,0,0,0,0,0,0,0,0
0,0,0,0,0,0,0,0,0,104,69,31,69,121,0,38,0,13,0,0,0,0,0,0,0
0,17,1,10,44,26,0,0,18,0,0,0,0,0,0,0,0,0,0,0,0,0,0,0,0
0,0,0,0,0,0,0,76,3,24,0,0,0,0,0,0,0,0,0,0,0,0,0,0,0
0,0,0,0,0,0,0,0,19,42,21,22,17,41,36,44,40,37,14,0,0,0,0,0,0
0,0,0,0,0,0,0,26,0,0,32,0,0,0,0,0,0,0,0,0,0,0,0,0,0
0,0,0,0,0,0,8,0,0,0,0,25,10,2,11,0,3,0,0,0,0,0,0,0,0
0,0,0,0,0,0,0,0,22,72,0,16,0,0,0,7,0,0,0,0,0,0,0,0,0
0,0,0,0,0,0,0,0,0,0,178,59,4,4,0,0,0,0,0,0,0,0,0,0,0
0,0,0,0,0,0,0,0,11,0,0,0,44,105,5,0,5,0,0,0,0,0,0,0,0
0,0,0,0,0,0,0,0,32,189,13,1,0,1,0,0,0,0,0,0,0,3,0,0,0
0,0,0,0,0,0,0,0,0,0,0,0,0,0,0,0,0,0,0,6,17,0,0,0,0
0,0,0,0,0,0,0,2,4,64,24,4,0,0,0,0,0,0,0,0,0,0,0,0,0
0,0,0,0,0,0,0,0,0,0,0,0,0,0,0,0,0,0,0,0,0,0,0,0,0
0,0,0,0,0,0,0,0,0,0,0,0,0,0,0,0,0,5,0,4,0,0,0,0,0
0,0,0,0,0,0,0,0,13,1,73,52,5,25,18,0,123,21,0,0,0,0,0,0,0
0,0,0,0,0,0,0,0,15,0,12,0,13,15,41,12,54,52,0,0,0,0,0,0,0
0,0,0,0,0,0,0,0,30,51,0,0,0,0,43,0,0,0,0,0,0,0,0,0,0
0,0,0,0,0,0,0,0,0,0,0,0,0,0,0,50,3,0,0,0,0,0,0,0,0
0,0,0,0,0,0,124,10,2,0,0,0,0,35,0,0,0,0,0,0,0,0,0,0,0
0,0,0,0,0,0,0,0,107,42,11,0,0,36,18,18,0,0,0,0,1,0,0,0,0
0,0,0,0,0,0,0,0,1,45,55,117,8,4,0,0,0,0,0,0,0,0,0,0,0
0,0,0,0,0,0,0,0,14,0,70,0,0,0,0,0,0,0,0,0,0,0,0,0,0
0,0,0,0,0,0,0,0,133,11,0,0,0,12,0,0,0,0,0,0,0,0,0,0,0
0,0,0,0,0,0,0,0,0,0,0,0,0,0,18,0,10,0,0,25,53,50,0,0,0
0,0,0,0,0,0,0,0,126,80,44,22,0,80,0,0,2,0,0,0,0,0,0,0,0
0,0,0,0,0,0,0,0,0,74,0,43,13,39,0,0,0,5,0,0,0,0,0,0,0
0,0,0,0,0,0,9,13,0,88,36,0,0,0,0,0,0,0,0,0,0,0,0,0,0
0,0,0,0,0,0,0,52,13,2,0,7,3,3,0,3,3,0,0,0,0,0,0,0,0
0,0,0,0,0,0,0,0,6,5,7,0,95,105,0,0,0,3,0,0,0,0,0,0,0
0,0,0,0,0,0,0,0,7,0,0,0,0,0,0,0,0,0,0,0,0,0,0,0,0
0,0,0,0,0,0,0,0,3,35,5,6,32,27,0,0,0,4,0,0,0,0,0,0,0
0,0,0,0,0,0,0,0,0,0,80,39,0,0,0,0,0,2,0,0,0,0,0,0,0
0,0,0,0,0,0,0,0,0,0,11,42,21,8,0,2,0,0,0,0,0,0,0,0,0
0,0,0,0,0,0,0,0,0,3,32,0,0,0,1,0,0,35,0,0,0,2,0,0,0
0,0,0,0,0,0,9,24,48,19,37,0,7,36,11,0,0,0,0,0,0,0,0,0,0
0,0,0,0,0,0,0,14,42,0,0,0,25,25,13,0,0,0,0,0,0,0,0,0,0
0,0,14,0,0,80,288,715,589,241,162,77,190,283,94,20,47,0,0,0,19,11,0,0,0
0,0,0,0,0,0,113,49,8,14,0,0,0,10,0,0,0,0,0,0,0,0,0,0,0
0,0,0,0,0,0,27,36,43,10,1,13,7,4,0,0,0,0,0,0,0,0,0,0,0
0,0,0,0,0,0,0,0,181,22,1,2,10,7,0,0,0,0,0,0,0,0,0,0,0
0,0,1,0,0,0,4,0,0,0,0,0,0,0,0,0,0,0,0,0,0,0,0,0,0
0,0,0,0,0,0,0,0,0,13,0,14,0,0,7,11,0,0,0,0,0,0,0,0,0
0,0,0,0,0,0,0,47,71,65,60,10,50,27,0,0,0,0,0,0,0,0,0,0,0
0,0,0,0,0,0,0,0,63,29,22,33,49,153,0,0,0,0,0,0,0,0,0,0,0
0,0,0,0,0,0,60,49,133,22,23,0,0,0,0,0,0,0,0,0,0,0,0,0,0
0,0,0,0,0,0,58,12,38,0,0,0,0,10,15,3,5,31,0,0,0,0,0,0,0
0,0,0,0,0,0,0,0,0,78,19,26,13,32,12,10,0,0,0,0,0,0,0,0,0
0,0,0,0,0,0,0,0,11,0,0,24,20,20,11,6,0,0,0,2,0,0,0,0,0
0,0,0,0,0,0,0,3,0,0,0,1,16,64,10,0,0,0,0,0,0,0,0,0,0
0,0,0,27,15,0,0,0,0,0,0,0,0,0,0,0,0,0,0,0,0,0,0,0,0
0,0,0,0,0,0,0,0,25,223,0,2,0,0,0,0,0,0,0,0,0,0,0,0,0
0,0,0,0,0,0,0,0,11,3,16,131,54,15,0,0,0,0,0,0,0,0,0,0,0
0,0,0,0,0,0,0,17,0,0,20,0,0,42,0,0,0,0,0,0,0,0,0,0,0
0,0,0,0,0,0,1,0,0,27,6,15,30,31,0,0,0,0,0,0,0,0,0,0,0
0,0,0,0,0,0,6,0,40,5,16,0,0,0,0,0,0,0,0,0,0,0,0,0,0
0,0,0,0,0,0,0,12,8,22,0,0,0,0,0,0,0,0,0,0,0,0,0,0,0
0,0,0,0,0,0,0,0,0,0,0,0,0,0,0,0,0,0,0,0,0,16,0,0,0
0,0,0,0,0,0,2,0,0,0,0,0,0,22,13,0,0,0,0,0,0,0,0,0,0
0,0,0,0,0,0,0,0,0,0,0,4,3,21,17,16,37,0,0,0,0,0,0,0,0
0,0,0,0,0,0,0,0,0,0,0,0,6,103,0,79,0,0,0,0,0,0,0,0,0
0,0,0,0,0,0,0,0,135,90,0,0,1,88,40,0,0,0,0,0,0,0,0,0,0
0,0,0,0,0,0,0,0,16,0,6,0,38,26,0,13,0,0,0,3,0,0,0,0,0
0,0,0,0,0,0,0,0,3,62,73,4,0,0,0,12,0,0,0,0,0,7,0,0,0
0,0,0,0,0,0,0,0,36,48,0,23,0,0,0,0,0,0,0,0,0,0,0,0,0
0,0,0,0,0,0,0,0,2,23,0,0,0,0,0,14,7,0,0,0,0,0,0,0,0
0,0,0,0,0,0,0,0,0,1,0,1,29,45,58,76,0,0,0,0,0,0,0,0,0
0,0,0,0,0,0,0,0,0,0,0,0,0,0,0,0,0,0,0,0,0,0,0,0,0
0,0,0,0,0,0,0,0,2,0,0,39,23,48,7,0,3,0,0,0,0,4,0,0,0
0,0,0,0,0,0,0,0,16,9,3,0,7,12,7,3,0,0,0,0,0,0,0,0,0
0,0,0,0,0,0,0,0,7,74,0,0,0,0,0,0,0,34,0,0,0,0,0,0,0
0,0,0,0,0,0,0,14,96,0,1,14,9,21,0,5,1,2,27,0,0,0,0,0,0
0,0,0,0,0,0,0,0,76,41,3,74,9,18,0,3,4,0,0,0,0,0,0,0,0
0,0,0,0,0,0,57,20,24,145,100,41,42,27,114,11,6,29,0,0,0,0,0,0,0
0,0,0,0,0,0,0,0,43,98,22,0,3,0,0,6,0,0,0,0,0,0,0,0,0
0,0,0,0,0,0,0,0,0,3,0,0,97,252,0,0,2,0,0,0,0,0,0,0,0
0,0,0,0,0,0,44,201,5,33,11,11,0,9,15,17,0,0,0,0,0,0,0,0,0
0,0,0,0,0,0,0,0,1,76,50,9,0,0,0,0,0,0,0,0,0,0,0,0,0
0,0,0,0,0,0,0,0,0,0,0,0,0,0,0,0,2,10,0,0,0,0,0,0,0
0,0,0,0,0,0,0,0,12,36,46,0,0,0,0,28,0,0,0,0,0,0,0,0,0
0,0,0,0,0,0,0,0,0,0,0,63,0,0,18,0,0,0,0,0,0,0,0,0,0
0,0,0,0,0,0,0,44,0,0,0,39,20,66,47,0,6,65,0,0,0,0,0,0,0
0,0,0,0,0,0,0,0,0,43,48,11,23,32,0,0,0,0,0,4,0,0,0,0,0
0,0,0,0,0,0,0,0,16,37,102,5,3,0,2,0,0,2,0,14,0,0,0,0,0
0,0,0,0,0,0,0,0,8,0,0,0,57,102,11,6,20,12,4,0,0,6,0,0,0
0,20,10,0,7,0,0,0,0,0,0,0,0,0,0,0,0,0,0,0,0,0,0,0,0
0,0,0,0,0,0,0,0,54,14,0,1,4,93,3,0,0,0,0,2,0,0,0,0,0
0,0,0,0,0,0,0,3,11,0,5,0,0,40,14,0,0,0,0,0,0,0,0,0,0
0,0,0,0,0,0,0,34,9,27,0,4,0,0,0,0,0,0,0,0,0,0,0,0,0
0,0,0,0,0,0,0,0,0,25,65,162,25,25,0,0,0,0,0,0,0,0,0,0,0
0,0,0,0,0,0,9,26,20,56,29,11,0,0,0,0,0,0,0,0,0,0,0,0,0
0,0,0,0,0,0,0,0,5,0,0,1,18,15,48,0,2,0,0,0,0,0,0,0,0
0,0,0,0,0,0,131,66,52,0,0,0,0,1,0,0,0,0,0,0,0,0,0,0,0
0,0,0,0,0,0,0,0,56,30,17,9,12,9,0,1,0,0,0,0,0,4,0,0,0
0,0,0,0,0,0,0,0,25,4,7,1,0,16,0,0,21,9,5,0,0,0,0,0,0
0,0,0,0,0,0,22,0,0,0,0,0,0,0,0,0,0,0,29,0,0,0,0,0,0
0,0,0,0,0,0,0,73,32,28,56,0,34,41,0,0,0,0,0,0,0,0,0,0,0
0,0,0,0,0,0,0,0,7,0,141,7,12,12,0,2,0,0,0,0,0,0,0,0,0
0,0,0,0,0,0,0,0,0,38,0,0,8,0,0,0,0,12,0,55,88,0,0,0,0
0,0,0,0,0,0,6,0,17,42,18,0,0,0,0,0,0,0,0,0,0,0,0,0,0
0,0,0,0,0,0,0,0,19,12,19,128,8,0,0,0,0,0,0,0,0,0,0,0,0
0,0,0,0,0,0,0,0,94,20,13,0,5,8,0,0,0,0,0,0,0,6,0,0,0
0,0,0,0,0,0,0,0,5,15,55,1,70,70,0,0,0,4,0,0,0,0,0,0,0
0,0,0,0,0,0,0,0,8,0,0,14,3,41,14,8,0,3,0,0,0,4,0,0,0
0,0,0,0,0,0,99,78,34,0,0,0,0,0,7,3,7,6,0,0,0,0,0,0,0
0,0,0,0,0,0,14,7,16,6,4,10,0,0,0,0,0,0,0,0,0,0,0,0,0
0,0,0,0,0,0,0,0,4,24,0,0,0,62,50,96,7,3,0,0,0,4,0,0,0
0,0,0,0,0,0,0,0,1,14,50,32,27,3,0,0,0,0,0,0,0,0,0,0,0
0,0,0,0,0,0,0,0,15,91,45,0,0,23,0,9,0,0,0,0,0,0,0,0,0
0,0,0,0,0,0,10,0,0,57,21,0,0,0,0,0,0,0,0,0,0,0,0,0,0
0,0,0,0,0,0,0,0,0,0,8,39,0,0,0,0,0,0,0,0,0,0,0,0,0
0,0,0,0,0,0,0,0,0,69,14,12,3,5,0,0,0,0,0,0,0,0,0,0,0
0,0,0,0,0,0,10,38,4,20,22,0,0,0,0,0,0,0,0,0,0,0,0,0,0
0,0,0,0,0,0,40,115,62,62,8,21,4,0,11,0,0,0,0,0,0,1,0,0,0
0,0,0,0,0,0,3,9,0,4,0,0,0,9,9,3,8,38,0,0,0,0,0,0,0
0,0,0,0,0,0,0,5,100,0,0,0,0,0,0,0,0,0,1,0,0,0,0,0,0
0,0,0,0,0,0,0,0,0,1,0,0,0,0,0,0,0,0,0,0,0,0,0,0,0
0,0,0,0,0,0,0,0,61,148,25,61,15,30,0,0,0,35,0,0,3,1,0,0,0
0,0,0,0,0,0,157,52,4,8,8,1,2,50,1,0,0,0,0,0,0,0,0,0,0
0,0,0,0,0,0,0,0,10,1,5,2,1,73,0,0,0,0,0,0,0,0,0,0,0
0,0,0,0,0,0,0,0,4,0,66,33,22,16,3,13,48,5,0,0,0,0,0,0,0
0,0,0,0,0,0,17,80,27,3,8,14,26,39,0,0,0,0,0,0,0,0,0,0,0
0,0,0,0,0,0,0,0,66,0,6,24,89,73,0,0,0,0,0,0,0,0,0,0,0
0,0,0,0,0,0,0,0,3,0,12,61,11,49,0,0,47,24,18,0,0,0,0,0,0
0,0,0,0,0,0,0,10,0,201,57,1,11,26,4,0,0,0,0,0,0,0,0,0,0
0,0,0,0,0,0,0,0,1,0,0,0,33,52,15,0,0,2,0,0,0,0,0,0,0
0,0,0,0,0,0,0,0,0,61,9,6,0,0,0,0,2,0,0,0,0,0,0,0,0
0,0,0,0,0,0,0,0,23,69,44,0,13,0,0,0,0,2,0,0,0,0,0,0,0
0,0,0,0,0,0,0,3,0,0,0,0,0,2,0,0,0,0,0,0,0,0,0,0,0
0,0,0,0,0,0,0,0,0,48,16,4,0,0,0,0,0,0,0,0,0,4,0,0,0
0,0,0,0,0,0,0,0,179,16,4,13,5,5,0,0,0,0,0,0,0,0,0,0,0
0,0,0,0,0,0,0,0,6,20,28,3,0,0,0,0,0,0,0,0,0,0,0,0,0
0,0,0,0,0,0,284,12,0,56,19,3,3,4,1,0,0,0,0,0,0,0,0,0,0
0,0,0,0,0,0,0,0,0,14,0,19,0,18,0,8,0,0,0,34,2,23,0,0,0
0,0,0,0,0,0,0,0,0,0,0,0,23,196,0,0,0,0,0,0,0,0,0,0,0
0,0,0,0,0,0,0,0,0,0,0,0,0,0,0,0,0,0,0,0,0,0,0,0,0
0,0,0,0,0,0,0,0,0,0,0,0,0,0,0,0,0,0,0,0,0,0,0,0,0
0,0,0,0,0,0,0,12,8,5,0,0,14,25,0,0,0,0,0,0,0,0,0,0,0
0,0,0,0,0,0,0,0,15,0,12,0,0,0,0,10,9,3,0,3,0,0,0,0,0
0,0,0,0,0,0,28,60,21,2,0,0,19,25,6,0,0,0,0,0,0,0,0,0,0
0,0,0,0,0,0,0,0,30,74,114,0,21,128,23,0,1,5,3,0,0,0,0,0,0
0,0,0,0,0,0,0,0,40,34,28,14,8,0,0,1,0,0,0,0,0,4,0,0,0
0,0,0,0,0,0,31,15,8,0,0,0,0,26,0,0,0,0,0,0,0,0,0,0,0
0,0,0,0,0,0,0,14,21,13,0,0,0,9,0,0,0,0,0,0,0,0,0,0,0
0,0,0,0,0,0,0,0,0,0,32,163,109,47,57,47,6,0,0,0,0,0,0,0,0
0,0,0,0,0,138,9,0,0,0,0,0,0,0,0,0,0,0,0,0,0,0,0,0,0
0,0,0,0,0,0,0,17,0,0,32,0,0,0,0,0,0,0,0,0,0,0,0,0,0
0,0,0,0,0,0,0,0,0,0,0,0,0,0,0,0,0,0,0,0,0,0,0,0,0
0,0,0,0,0,0,0,0,0,0,0,0,0,0,0,0,0,0,0,0,0,0,0,0,0
0,0,0,0,0,0,0,0,0,0,0,0,0,0,0,0,1,0,0,0,0,0,0,0,0
0,0,0,0,0,0,0,0,20,0,0,0,26,121,12,0,0,2,0,0,0,0,0,0,0
0,0,0,0,0,0,0,0,0,41,38,33,5,3,4,0,0,0,0,0,0,0,0,0,0
0,0,0,0,0,0,0,0,0,6,0,80,56,39,14,16,8,0,0,0,0,0,0,0,0
0,0,0,0,0,0,0,19,84,24,24,4,0,0,0,0,0,0,0,0,0,0,0,0,0
0,0,0,0,0,0,0,0,0,0,0,0,89,88,0,0,0,2,0,0,0,0,0,0,0
0,0,0,0,0,0,0,0,43,24,185,0,0,0,0,0,0,0,0,0,0,2,0,0,0
0,0,0,0,0,0,1,17,6,77,11,1,0,0,0,5,0,0,0,0,0,0,0,0,0
0,0,0,0,0,0,6,1,55,0,3,0,0,0,0,0,0,0,0,0,0,0,0,0,0
0,0,0,0,0,0,0,0,0,30,0,12,0,18,0,2,0,0,0,0,1,0,0,0,0
0,0,0,0,0,0,4,25,0,79,50,0,0,24,3,0,0,0,0,0,0,0,0,0,0
0,0,0,0,0,0,0,0,16,0,0,0,0,0,27,5,16,0,0,0,0,0,0,0,0
0,0,0,0,0,0,0,0,0,21,0,0,0,0,0,0,0,0,0,0,0,0,0,0,0
0,0,0,0,0,0,0,0,0,0,0,0,0,0,33,0,9,0,0,0,0,3,0,0,0
0,0,0,0,0,0,0,0,32,0,13,0,10,40,0,0,0,0,0,0,0,0,0,0,0
0,0,0,0,0,0,0,0,0,0,0,47,36,67,20,0,43,0,0,3,0,4,0,0,0
0,0,0,0,0,0,0,0,12,0,0,49,0,0,0,0,0,0,0,2,0,0,0,0,0
0,0,0,0,0,0,0,36,10,217,22,27,9,13,3,2,0,0,0,0,0,0,0,0,0
0,0,0,0,0,0,0,0,13,2,4,48,4,7,0,0,0,3,0,0,0,0,0,0,0
0,0,0,0,0,0,0,0,40,13,0,0,58,92,11,0,3,0,0,0,0,0,0,0,0
0,0,0,0,0,0,0,0,25,16,2,10,0,0,0,0,0,0,0,0,0,0,0,0,0
0,0,0,0,0,0,0,0,1,89,5,0,3,43,0,0,2,6,4,0,0,0,0,0,0
0,0,0,0,0,0,0,0,0,0,54,52,0,0,0,0,0,0,0,0,0,0,0,0,0
0,0,0,0,0,0,0,0,167,152,30,0,60,47,7,0,0,0,0,3,0,0,0,0,0
0,0,0,0,0,0,0,0,0,0,36,17,8,65,0,3,36,0,0,0,0,0,0,0,0
0,0,0,0,0,0,18,12,12,4,0,0,0,0,0,0,0,0,0,0,0,0,0,0,0
0,0,0,0,0,0,0,0,0,0,0,0,0,0,0,0,0,0,0,0,0,0,0,0,0
0,0,0,0,0,0,0,0,0,0,0,0,0,0,0,0,0,0,0,0,0,0,0,0,0
0,0,0,0,0,0,0,0,51,64,0,32,5,31,15,2,0,0,0,0,37,0,0,0,0
0,0,0,0,0,0,0,0,206,3,0,0,0,2,0,0,0,0,0,0,0,0,0,0,0
0,0,0,0,0,0,0,0,55,90,49,1,35,28,0,0,0,0,0,0,0,0,0,0,0
0,0,0,0,0,0,26,0,56,20,36,4,0,0,0,0,0,0,3,0,0,0,0,0,0
0,0,0,0,0,0,0,0,30,51,13,56,47,24,17,5,27,58,49,58,0,0,0,0,0
0,0,0,0,0,0,0,0,43,22,4,1,4,11,0,12,0,0,0,0,0,0,0,0,0
0,0,0,0,0,0,0,0,0,0,1,0,7,0,0,0,27,6,6,13,4,59,0,0,0
0,0,0,0,0,0,0,0,0,24,10,31,38,38,0,2,0,0,0,0,0,0,0,0,0
0,0,0,0,0,0,27,42,42,70,3,11,0,55,0,0,0,0,0,0,0,0,0,0,0
0,0,0,0,0,0,0,0,5,20,14,0,0,0,0,0,0,0,14,0,21,46,0,0,0
0,0,0,0,0,0,0,0,9,0,0,0,0,10,0,6,0,53,0,0,0,5,0,0,0
0,0,0,0,0,0,13,131,84,7,11,0,0,0,0,0,0,0,0,0,0,0,0,0,0
0,0,0,0,0,0,0,0,34,3,48,19,0,22,0,0,0,2,0,0,0,0,0,0,0
0,0,0,0,0,0,0,0,0,0,0,0,0,0,173,0,0,0,0,0,0,0,0,0,0
0,0,0,0,0,0,0,0,13,12,0,0,12,171,116,16,39,0,0,0,0,0,0,0,0
0,0,0,0,0,0,0,0,0,47,9,24,0,17,0,0,0,0,0,0,0,0,0,0,0
0,0,0,0,0,0,0,0,0,0,0,0,0,0,0,0,0,0,0,0,0,0,0,0,0
0,0,0,0,0,0,0,0,39,37,22,18,0,0,0,15,0,2,0,0,0,2,0,0,0
0,0,0,0,0,0,0,0,6,0,15,20,0,0,0,23,50,0,0,0,0,6,0,0,0
0,0,0,0,0,0,0,0,19,0,0,0,0,88,0,0,0,4,0,0,0,0,0,0,0
0,0,0,0,0,0,0,0,57,66,60,1,2,1,0,0,13,6,5,1,8,2,0,0,0
0,0,0,0,0,0,0,0,0,0,0,0,0,0,0,0,0,0,0,0,0,2,0,0,0
0,0,0,0,0,0,0,0,13,50,39,4,0,42,0,7,0,0,0,0,0,0,0,0,0
0,0,0,0,0,0,0,0,0,0,0,0,0,0,0,0,0,0,0,5,0,0,0,0,0
0,0,0,0,0,0,0,0,0,2,29,21,0,0,0,0,0,0,0,0,0,0,0,0,0
0,0,0,0,0,0,0,0,36,82,7,11,4,0,3,2,0,0,0,0,0,0,0,0,0
0,0,0,0,0,0,0,0,0,5,2,10,0,0,0,1,0,0,0,0,0,0,0,0,0
0,0,0,0,0,0,0,0,3,0,0,0,0,0,0,0,0,0,0,0,0,0,0,0,0
0,0,0,0,0,0,0,0,0,0,0,0,0,0,0,0,0,0,0,0,0,0,0,0,0
0,0,0,0,0,0,0,0,10,81,1,22,0,14,6,21,15,0,0,0,0,0,0,0,0
0,0,0,0,0,0,0,0,1,0,0,0,103,134,0,0,0,0,0,0,0,2,0,0,0
0,0,0,0,0,0,0,1,0,44,98,0,0,0,0,0,0,0,0,0,0,0,0,0,0
0,0,0,0,0,0,0,0,2,43,0,29,42,24,0,0,0,0,0,0,0,3,0,0,0
0,0,0,0,0,0,0,0,0,17,12,8,11,81,2,7,2,0,2,0,0,0,0,0,0
0,0,0,0,0,0,1,54,10,0,0,15,0,16,6,0,16,0,0,0,0,0,0,0,0
0,0,0,0,0,0,0,0,0,0,14,0,12,12,12,10,0,8,0,0,0,3,0,0,0
0,0,0,0,0,0,0,0,0,0,0,0,0,0,0,0,0,0,0,41,4,0,0,0,0
0,0,0,0,0,0,0,0,5,49,61,40,16,9,0,0,0,0,0,0,0,0,0,0,0
0,0,0,0,0,0,0,14,0,36,0,0,5,5,0,0,0,0,0,0,0,0,0,0,0
0,0,0,0,0,0,0,0,63,4,6,0,0,0,0,0,0,2,0,0,0,0,0,0,0
0,0,0,0,0,0,0,0,58,58,18,5,13,5,0,1,1,2,2,0,0,0,0,0,0
0,0,0,0,0,0,0,0,3,0,0,14,43,123,0,0,5,0,0,0,0,0,0,0,0
0,0,0,0,0,0,0,0,12,0,0,2,5,13,0,0,0,0,0,0,0,0,0,0,0
0,0,0,0,0,0,0,0,10,0,0,0,12,1,20,0,10,0,0,19,0,0,0,0,0
0,0,0,0,0,35,0,0,0,0,0,0,0,0,0,0,0,0,0,0,0,0,0,0,0
0,0,0,0,0,0,0,0,3,0,0,0,0,37,36,36,55,0,0,0,0,6,0,0,0
0,0,0,0,0,0,0,0,0,70,0,12,74,80,0,0,0,0,0,0,0,0,0,0,0
0,0,0,0,0,0,0,71,12,0,0,0,0,0,0,0,19,0,0,0,0,0,0,0,0
0,0,0,0,0,0,0,0,0,0,0,0,0,0,0,0,0,0,0,0,0,0,0,0,0
0,0,0,0,0,0,0,118,23,0,55,0,5,0,0,0,0,0,0,0,0,0,0,0,0
0,0,0,0,0,0,0,0,8,0,0,51,54,77,5,0,0,0,0,0,0,0,0,0,0
0,0,0,0,0,0,0,0,51,76,43,4,8,8,0,0,0,21,2,3,9,0,0,0,0
0,0,0,0,0,0,0,23,12,74,0,1,0,0,0,0,0,0,0,0,0,0,0,0,0
0,0,0,0,0,0,0,0,0,0,0,0,0,0,0,0,0,0,0,0,0,11,0,0,0
0,0,0,0,0,0,0,0,79,23,6,0,34,6,0,3,0,0,0,0,0,0,0,0,0
0,0,0,0,0,0,0,0,0,0,0,0,0,0,0,0,5,0,0,0,0,0,0,0,0
0,0,0,0,0,0,0,0,10,33,10,0,8,0,44,20,2,0,0,0,8,2,0,0,0
0,0,0,0,0,0,0,0,1,0,0,0,0,0,0,0,0,0,0,0,0,0,0,0,0
0,0,0,0,0,0,0,0,8,31,0,0,0,0,0,0,5,0,0,0,0,0,0,0,0
0,0,0,0,0,0,0,0,8,0,0,0,0,0,5,6,0,0,0,0,0,8,0,0,0
0,0,0,0,0,0,0,0,19,128,2,47,0,6,0,6,4,0,0,0,0,0,0,0,0
0,0,0,0,0,0,159,52,17,18,0,24,0,0,0,0,0,0,0,0,0,0,0,0,0
0,0,0,0,0,0,0,37,5,3,0,0,0,0,7,7,0,0,1,1,0,0,0,0,0
0,0,0,0,0,0,0,0,0,11,0,0,0,0,0,0,0,0,0,0,45,0,0,0,0
0,0,0,0,0,0,0,0,32,0,0,40,39,39,38,0,0,0,0,0,0,0,0,0,0
0,0,0,0,0,0,0,0,0,72,0,0,0,0,0,0,0,0,0,0,0,0,0,0,0
0,0,0,0,0,0,0,0,59,145,123,15,28,22,0,2,0,0,0,1,0,0,0,0,0
0,0,0,0,0,0,0,0,0,0,0,0,14,0,0,20,0,0,0,0,0,0,0,0,0
0,0,0,0,0,0,0,0,0,85,65,41,10,10,6,28,17,11,25,19,0,0,0,0,0
0,0,0,0,0,0,0,0,0,0,10,0,0,0,107,3,0,29,0,0,0,25,0,0,0
0,0,0,0,0,0,4,13,51,43,39,42,7,71,17,21,93,0,0,37,58,0,0,0,0
0,11,20,54,48,61,9,13,0,0,0,0,1,21,0,28,18,23,4,104,5,13,0,0,0
0,0,0,0,0,0,0,0,3,76,35,0,0,0,0,0,0,0,3,0,0,0,0,0,0
0,0,0,0,0,0,9,0,0,3,0,25,0,0,0,0,0,0,0,0,0,0,0,0,0
0,0,0,0,0,0,21,40,15,0,0,0,0,0,0,0,0,0,0,0,0,0,0,0,0
0,0,0,0,0,0,21,0,9,50,0,30,0,0,0,0,0,0,0,0,0,0,0,0,0
0,0,0,0,0,0,66,3,2,0,0,11,0,0,0,0,0,0,0,0,0,0,0,0,0
0,0,0,0,0,0,0,0,38,0,15,0,7,0,0,25,0,0,0,3,0,0,0,0,0
0,0,0,0,0,0,0,0,0,0,0,0,0,0,0,0,0,0,0,0,0,0,0,0,0
0,0,0,0,0,0,0,0,3,0,0,0,0,0,0,0,0,0,0,0,0,0,0,0,0
0,0,0,0,0,0,0,0,12,0,0,0,0,35,53,0,0,0,0,2,8,0,0,0,0
0,0,0,0,0,0,0,0,3,75,0,0,0,0,0,0,0,0,0,0,0,0,0,0,0
0,0,0,0,0,0,15,40,110,25,0,0,0,0,0,0,0,0,0,0,0,0,0,0,0
0,0,0,0,0,0,0,0,31,12,6,0,0,0,0,0,0,0,0,0,0,0,0,0,0
0,0,0,0,0,0,30,0,29,14,8,16,10,27,7,0,0,0,0,0,0,0,0,0,0
0,0,0,0,0,0,0,0,0,60,2,0,29,0,3,0,0,0,0,0,0,0,0,0,0
0,0,0,0,0,0,3,51,0,39,39,0,23,36,25,0,3,0,0,9,13,0,0,0,0
0,0,0,0,0,0,0,0,0,0,0,0,0,0,0,0,0,0,0,0,0,0,0,0,0
0,0,0,0,0,0,0,0,14,0,4,12,2,7,6,4,4,0,0,0,0,0,0,0,0
0,0,0,0,0,0,0,0,0,78,0,6,3,11,0,0,26,0,0,0,5,0,0,0,0
0,0,0,0,0,0,7,9,0,69,51,41,27,74,2,0,0,0,0,0,0,0,0,0,0
0,0,0,0,0,0,0,0,0,0,14,48,0,0,0,0,0,0,0,0,0,0,0,0,0
0,0,0,0,0,0,126,30,27,0,0,0,0,0,0,0,0,0,0,0,0,0,0,0,0
0,0,0,0,0,0,0,0,0,7,65,6,27,30,0,0,0,0,0,0,0,0,0,0,0
0,0,0,0,0,0,0,0,64,6,0,0,1,0,0,0,0,0,0,0,0,0,0,0,0
0,0,0,0,0,0,0,0,0,0,3,0,0,0,0,0,0,0,0,0,0,0,0,0,0
0,0,0,0,0,0,0,62,51,35,0,0,0,0,0,0,0,0,0,0,0,0,0,0,0
0,0,0,0,0,0,0,21,108,26,0,0,0,0,0,0,0,0,0,0,0,0,0,0,0
0,0,0,0,0,0,0,6,0,0,26,3,0,0,0,0,0,0,0,0,0,0,0,0,0
0,0,0,0,0,0,0,0,0,3,2,15,26,26,0,8,0,0,0,0,0,0,0,0,0
0,0,0,0,0,0,0,0,0,9,31,44,22,36,0,0,3,0,0,0,0,0,0,0,0
0,0,0,0,0,0,0,0,34,68,11,13,0,0,0,0,0,0,0,0,0,0,0,0,0
0,0,0,0,0,0,0,0,12,1,0,0,31,131,0,0,0,0,0,0,0,0,0,0,0
0,0,0,0,0,0,0,0,16,0,0,0,0,0,0,3,0,0,14,56,12,37,0,0,0
0,0,0,0,0,0,0,0,0,18,12,10,11,16,0,13,0,52,0,0,7,0,0,0,0
0,0,0,0,0,0,0,0,2,29,28,0,10,10,0,0,0,0,0,0,0,0,0,0,0
0,0,0,0,0,0,19,29,9,7,0,0,0,0,0,6,0,0,0,0,0,0,0,0,0
0,0,0,0,0,0,57,0,0,0,0,0,62,112,0,0,0,0,0,0,0,0,0,0,0
0,0,0,0,0,0,0,0,0,0,0,0,0,0,0,0,20,3,3,0,0,0,0,0,0
0,0,0,0,0,0,0,0,3,24,26,0,1,4,17,0,22,0,0,0,0,0,0,0,0
0,0,0,0,0,0,0,0,0,0,40,0,0,0,0,0,0,0,0,0,0,0,0,0,0
0,0,0,0,0,0,0,0,0,3,7,0,19,26,34,0,0,0,0,0,0,5,0,0,0
0,0,0,0,0,0,1,11,0,0,64,39,14,64,3,0,2,0,0,0,0,0,0,0,0
0,0,0,0,0,0,0,17,15,1,0,0,0,0,0,0,0,0,32,0,0,0,0,0,0
0,0,0,0,0,0,0,0,13,57,0,28,27,15,0,0,36,32,61,0,0,2,0,0,0
0,0,0,0,0,0,0,0,3,0,9,117,30,81,0,0,7,0,0,0,0,2,0,0,0
0,0,0,0,0,0,0,97,0,0,2,0,0,0,0,0,0,0,0,0,0,0,0,0,0
0,0,0,0,0,0,0,0,5,2,15,23,53,233,9,0,3,0,0,0,0,0,0,0,0
0,0,0,0,0,0,2,0,0,0,0,0,0,0,0,0,0,0,0,0,0,0,0,0,0
0,0,0,0,0,0,0,0,34,27,0,0,31,52,2,4,0,0,0,0,0,0,0,0,0
0,0,0,0,0,0,0,0,62,81,19,24,8,8,7,0,0,2,0,0,0,0,0,0,0
0,0,0,0,0,0,32,28,0,22,7,7,32,119,0,7,0,0,0,0,0,0,0,0,0
0,0,0,0,0,0,0,0,0,90,9,3,0,0,26,2,0,0,0,0,16,0,0,0,0
0,0,0,0,0,0,75,8,41,13,0,10,0,0,22,3,8,0,0,0,0,0,0,0,0
0,0,0,0,0,0,0,0,1,0,22,0,193,238,26,18,2,24,10,14,0,0,0,0,0
0,0,0,0,0,0,0,0,0,56,17,0,0,0,0,0,0,0,0,0,0,0,0,0,0
0,0,0,0,0,0,0,0,8,0,68,14,0,0,0,0,0,0,0,0,0,0,0,0,0
0,0,0,0,0,0,0,0,0,58,8,33,0,0,0,23,0,0,0,0,5,0,0,0,0
0,0,0,0,0,0,111,76,83,80,40,59,16,0,0,0,2,0,0,0,0,0,0,0,0
0,0,0,0,0,0,29,21,48,68,37,3,4,26,0,0,0,0,0,0,0,0,0,0,0
0,0,0,0,0,0,0,0,0,23,0,4,0,0,0,0,0,0,0,0,0,0,0,0,0
0,0,0,0,0,0,0,0,0,0,0,0,0,0,0,0,0,0,0,15,0,3,0,0,0
0,0,0,0,0,0,0,0,2,0,0,0,6,118,18,0,0,2,0,0,0,0,0,0,0
0,0,0,0,0,0,0,0,0,0,0,0,20,274,0,5,0,5,0,0,0,0,0,0,0
0,0,0,0,0,0,124,50,0,0,0,0,0,0,0,0,0,0,0,0,0,0,0,0,0
0,0,0,0,0,0,0,0,58,0,0,32,73,155,5,0,3,0,0,0,0,0,0,0,0
0,0,0,0,0,0,0,0,0,67,64,19,25,40,0,0,0,0,0,0,6,0,0,0,0
0,0,0,0,0,0,0,0,8,2,8,13,16,8,0,0,0,0,0,0,0,0,0,0,0
0,0,0,0,0,0,0,0,2,65,97,0,5,0,0,0,0,0,0,4,0,0,0,0,0
0,0,0,0,0,0,53,5,25,2,0,0,0,0,3,0,0,0,0,0,0,0,0,0,0
0,0,0,0,0,0,0,0,26,8,10,0,0,38,0,0,2,0,0,0,0,0,0,0,0
0,0,0,0,0,0,0,0,28,0,59,43,5,0,0,6,0,0,0,0,0,0,0,0,0
0,0,0,0,0,0,32,37,56,35,25,30,26,58,22,5,2,5,0,0,0,0,0,0,0
0,0,0,0,0,0,0,0,0,0,0,0,23,79,0,0,22,0,0,0,0,0,0,0,0
0,0,0,0,0,0,54,51,97,24,0,0,0,0,0,0,0,0,0,0,0,0,0,0,0
0,0,0,0,0,0,5,0,48,134,0,0,0,6,0,0,0,0,0,0,4,0,0,0,0
0,0,0,0,0,0,6,116,52,2,0,0,10,10,0,0,0,0,0,0,0,0,0,0,0
0,0,0,0,0,0,0,0,1,28,8,7,0,18,49,0,0,0,0,0,0,0,0,0,0
0,0,0,0,0,0,0,0,0,0,0,0,0,0,0,0,0,0,0,1,0,0,0,0,0
0,0,0,0,0,0,0,0,0,57,0,0,0,0,0,0,3,4,0,7,0,0,0,0,0
0,0,0,0,0,0,0,0,25,105,2,0,0,0,0,0,0,0,0,0,0,0,0,0,0
0,0,0,0,0,0,0,0,26,2,0,59,22,36,7,0,0,0,0,0,0,0,0,0,0
0,0,0,0,0,0,0,0,0,119,48,0,0,54,0,0,0,0,0,0,0,0,0,0,0
0,0,0,0,0,0,15,37,0,44,12,0,0,0,0,0,0,0,0,0,0,0,0,0,0
0,0,0,0,0,0,0,7,50,12,0,0,19,42,0,0,0,0,0,0,0,0,0,0,0
0,0,0,0,0,0,11,124,26,0,0,2,0,0,0,0,0,0,0,0,0,0,0,0,0
0,0,0,0,0,0,0,0,9,2,47,11,32,56,0,0,0,2,0,0,0,0,0,0,0
0,0,0,0,0,0,0,0,0,0,102,236,0,0,0,0,0,0,0,0,0,0,0,0,0
0,0,0,0,0,0,0,0,0,0,0,0,0,0,0,0,0,0,0,0,0,0,0,0,0
0,0,0,0,0,0,0,0,3,0,0,62,15,0,0,4,0,0,0,0,0,0,0,0,0
0,0,0,0,0,0,0,0,27,9,0,0,0,0,0,0,0,0,0,0,0,0,0,0,0
0,0,0,0,0,0,0,0,16,2,35,0,0,0,0,0,1,0,0,0,0,0,0,0,0
0,0,0,0,0,0,0,0,0,0,0,0,5,0,16,1,0,0,0,0,0,0,0,0,0
0,0,0,0,0,0,0,0,48,47,77,25,0,0,0,0,0,0,0,0,0,0,0,0,0
0,0,0,0,0,0,0,0,29,36,2,10,0,0,0,0,0,0,0,0,0,2,0,0,0
0,0,0,0,0,0,0,0,0,89,50,48,7,11,12,0,0,4,0,0,0,0,0,0,0
0,0,0,0,0,0,0,73,54,20,7,11,28,30,7,0,0,0,0,0,0,0,0,0,0
0,0,0,0,0,0,0,0,0,0,0,0,0,0,0,0,0,0,0,0,0,0,0,0,0
0,0,0,0,0,0,0,0,0,1,0,0,8,58,34,0,0,3,0,0,0,0,0,0,0
0,0,0,0,0,0,0,0,61,104,31,30,0,0,0,0,0,0,0,0,0,0,0,0,0
0,0,0,0,0,0,0,0,0,0,0,0,0,0,0,0,0,0,0,0,0,0,0,0,0
0,0,0,0,0,0,0,0,0,33,26,0,12,3,0,3,0,0,0,0,0,0,0,0,0
0,0,0,0,0,0,0,0,9,0,24,0,20,4,0,0,0,0,0,0,0,0,0,0,0
0,0,0,0,0,0,0,0,0,20,13,0,6,164,0,0,0,2,0,0,0,0,0,0,0
0,0,0,0,0,0,0,15,25,8,0,0,0,0,0,0,0,0,0,0,0,0,0,0,0
0,0,0,0,0,0,8,0,0,48,0,0,0,0,0,0,0,0,0,0,0,0,0,0,0
0,0,0,0,0,0,0,0,3,91,22,10,9,9,0,0,0,0,0,0,0,0,0,0,0
0,0,0,0,0,0,0,0,0,10,0,0,0,121,0,0,0,0,0,0,0,0,0,0,0
0,0,0,0,0,0,28,32,71,0,0,0,0,49,0,0,0,0,0,0,0,0,0,0,0
0,0,0,0,0,0,0,0,41,121,10,0,0,0,0,0,0,0,0,0,0,0,0,0,0
0,0,0,0,0,0,15,0,52,21,0,0,0,0,0,0,0,0,0,0,0,0,0,0,0
0,0,0,0,0,0,0,0,0,40,0,0,0,0,0,0,0,0,0,0,0,0,0,0,0
0,0,0,0,0,0,0,8,10,14,7,0,0,0,0,0,0,0,0,0,0,0,0,0,0
0,0,0,0,0,0,0,0,6,0,0,17,79,62,0,0,0,0,0,0,1,0,0,0,0
0,0,0,0,0,0,204,73,0,0,0,1,0,0,0,0,0,0,0,0,0,0,0,0,0
0,0,0,0,0,0,0,9,64,0,37,0,0,4,2,0,0,0,0,0,0,0,0,0,0
0,0,0,0,0,0,0,0,36,31,32,15,36,31,2,7,0,0,0,0,2,0,0,0,0
0,0,0,0,0,0,0,0,13,0,9,27,4,0,0,0,0,0,0,0,0,0,0,0,0
0,0,0,0,0,0,55,26,13,13,6,0,0,0,0,0,0,0,0,0,0,0,0,0,0
0,0,0,0,0,0,0,0,0,15,0,0,1,0,0,0,0,0,0,0,0,0,0,0,0
0,0,0,0,0,0,0,66,62,43,10,13,0,29,0,0,0,0,0,0,0,0,0,0,0
0,0,0,0,0,0,0,0,169,0,54,151,82,469,17,0,17,1,0,0,2,0,0,0,0
0,0,0,0,0,0,0,0,3,0,14,0,128,139,0,0,0,0,0,0,0,0,0,0,0
0,0,0,0,0,0,0,0,0,0,0,0,0,0,0,0,0,0,0,0,0,0,0,0,0
0,0,0,0,0,0,0,0,26,0,35,37,0,0,0,0,0,0,0,0,0,0,0,0,0
0,0,0,0,0,0,0,81,91,146,94,201,19,26,0,0,0,0,0,0,0,0,0,0,0
0,0,0,0,0,0,0,0,140,91,37,0,0,0,0,6,0,0,0,0,0,0,0,0,0
0,0,0,0,0,0,0,0,0,28,37,48,5,11,73,0,0,0,0,0,0,0,0,0,0
0,0,0,0,0,0,0,0,1,0,0,155,0,28,0,2,0,0,0,0,0,0,0,0,0
0,0,0,0,0,0,0,0,0,7,0,0,0,0,0,15,0,0,0,0,0,0,0,0,0
0,0,0,0,0,0,0,0,0,19,19,20,8,4,0,0,0,0,0,0,0,0,0,0,0
0,0,0,0,0,0,0,0,17,104,44,47,0,0,0,4,0,0,0,0,0,0,0,0,0
0,0,0,0,0,0,0,0,13,24,20,14,6,39,25,25,6,0,0,0,0,0,0,0,0
0,0,0,0,0,0,0,0,23,0,0,71,59,112,44,32,26,15,5,8,0,3,0,0,0
0,0,0,0,0,0,0,0,0,0,16,0,19,75,16,0,0,0,0,0,0,0,0,0,0
0,0,0,0,0,0,0,0,0,0,0,0,0,0,0,0,0,0,0,0,0,0,0,0,0
0,0,0,0,0,0,0,0,35,21,33,10,8,10,0,0,0,0,0,4,0,0,0,0,0
0,0,0,0,0,0,0,0,0,0,44,58,0,0,0,0,0,0,0,0,0,0,0,0,0
0,0,0,0,0,0,0,27,19,0,9,0,0,0,0,0,4,67,3,0,0,0,0,0,0
0,0,0,0,0,0,5,35,63,75,0,19,18,22,0,0,0,0,0,0,0,0,0,0,0
0,0,0,0,0,0,0,0,197,123,69,0,0,0,0,0,0,0,0,0,0,0,0,0,0
0,0,0,0,0,0,0,0,18,0,0,0,0,0,0,0,203,0,0,0,0,0,0,0,0
0,0,0,0,0,0,0,0,0,0,0,26,0,150,139,57,48,24,1,6,0,0,0,0,0
0,0,0,0,0,0,0,0,40,47,34,0,0,0,0,0,0,0,0,0,0,0,0,0,0
0,0,0,0,0,0,0,0,0,131,0,17,23,13,0,0,0,0,0,0,0,2,0,0,0
0,0,0,0,0,0,0,0,23,44,17,0,11,11,13,11,27,3,33,39,22,0,0,0,0
0,0,0,0,0,0,0,0,0,14,20,19,53,50,0,0,0,0,0,0,0,3,0,0,0
0,0,0,0,0,0,0,0,0,0,0,0,0,0,0,0,2,0,0,0,0,0,0,0,0
0,0,0,0,0,0,0,0,23,5,9,9,5,11,1,0,0,96,0,0,0,10,0,0,0
0,0,0,0,0,0,0,15,0,0,0,0,0,0,0,0,0,0,0,0,0,0,0,0,0
0,0,0,0,0,0,0,0,10,27,0,0,37,19,0,0,0,0,0,0,0,0,0,0,0
0,0,0,0,0,0,0,0,154,45,30,20,1,21,0,0,0,0,0,0,0,0,0,0,0
0,0,0,0,0,0,0,0,105,219,91,54,24,77,43,54,74,131,0,0,0,8,0,0,0
0,0,0,0,0,0,0,0,34,39,118,0,0,0,0,0,0,0,0,0,0,0,0,0,0
0,0,0,0,0,0,0,0,0,156,38,0,0,2,0,0,0,0,0,0,0,0,0,0,0
0,0,0,0,0,0,0,0,0,0,19,66,28,114,6,0,0,2,0,0,0,0,0,0,0
0,0,0,0,0,0,0,0,0,0,83,0,0,0,2,0,0,0,0,0,0,0,0,0,0
0,0,0,0,0,0,0,0,0,0,13,3,0,6,0,25,53,0,0,4,0,0,0,0,0
0,0,0,0,0,0,13,55,0,0,36,0,0,0,0,0,0,0,0,0,0,0,0,0,0
0,0,0,0,0,0,0,25,53,10,37,5,23,28,15,0,0,0,0,0,0,0,0,0,0
0,0,0,0,0,0,0,0,0,0,0,0,4,0,0,55,6,0,0,0,0,0,0,0,0
0,0,0,0,0,0,0,0,77,7,49,46,117,111,7,7,0,2,0,0,4,0,0,0,0
0,0,0,0,0,0,0,0,1,0,0,15,95,10,12,0,0,2,0,0,0,0,0,0,0
0,0,0,0,0,0,0,42,52,5,3,0,0,0,0,0,0,0,0,0,0,0,0,0,0
0,0,0,0,0,0,0,3,0,0,0,0,0,0,0,0,12,0,2,12,5,0,0,0,0
0,0,0,0,0,0,0,47,71,9,3,0,13,13,0,0,0,0,0,0,0,0,0,0,0
0,0,0,0,0,0,0,0,45,0,1,4,9,9,0,0,0,0,0,0,0,13,0,0,0
0,0,0,0,0,0,0,0,11,149,0,4,69,31,0,0,0,4,0,0,0,0,0,0,0
0,0,0,0,0,0,0,7,0,11,0,0,3,36,8,0,0,0,0,0,0,0,0,0,0
0,0,0,0,0,0,84,61,6,0,0,0,0,0,0,0,0,0,0,0,0,0,0,0,0
0,0,0,0,0,0,1,0,0,0,0,0,0,0,0,0,0,0,0,0,0,0,0,0,0
0,0,0,0,0,0,15,51,0,7,3,0,0,4,0,0,0,0,0,0,0,0,0,0,0
0,0,0,0,0,0,0,0,40,34,0,0,0,12,71,0,2,0,0,0,0,0,0,0,0
0,0,0,0,0,0,0,0,2,0,0,8,0,20,0,46,7,0,0,0,0,2,0,0,0
0,0,0,0,0,0,0,0,0,17,0,22,26,67,43,0,0,0,0,0,0,0,0,0,0
0,0,0,0,0,0,0,0,0,0,0,34,272,55,0,2,0,0,0,0,0,0,0,0,0
0,0,0,0,0,0,0,0,0,9,23,48,32,210,14,9,6,10,15,4,0,0,0,0,0
0,0,0,0,0,0,0,0,0,50,36,37,12,9,0,0,0,0,0,4,0,0,0,0,0
0,0,0,0,0,0,0,0,0,24,19,0,0,0,0,0,0,0,0,0,0,0,0,0,0
0,0,0,0,0,0,0,0,0,58,43,57,53,63,25,7,1,25,0,0,0,0,0,0,0
0,0,0,0,0,0,9,26,51,153,73,5,2,2,0,0,0,0,0,0,0,0,0,0,0
0,0,0,0,0,0,0,0,20,0,13,21,88,48,10,3,0,2,0,0,0,0,0,0,0
0,0,0,0,0,0,46,29,16,4,2,3,0,20,0,0,0,0,0,0,0,0,0,0,0
0,0,0,0,0,0,0,6,86,25,6,0,0,0,0,0,0,0,0,0,0,0,0,0,0
0,0,0,0,0,0,0,0,0,0,0,0,0,0,0,0,0,0,0,0,0,0,0,0,0
0,0,0,0,0,0,0,0,5,0,21,43,0,0,0,0,0,0,0,14,0,2,0,0,0
0,0,0,0,0,0,81,0,54,61,19,0,0,12,0,0,11,0,0,0,0,0,0,0,0
0,0,0,0,0,0,0,0,55,2,0,0,0,0,0,0,4,0,0,0,0,0,0,0,0
0,0,0,0,0,0,3,7,7,23,75,3,23,36,12,8,33,0,54,0,0,0,0,0,0
0,0,0,0,0,0,0,0,35,69,116,75,54,32,9,0,0,3,0,0,0,0,0,0,0
0,0,0,0,0,412,46,0,0,0,0,0,0,0,0,0,0,0,0,0,0,0,0,0,0
0,0,0,0,0,0,0,20,27,3,0,2,0,0,49,0,0,0,0,0,0,0,0,0,0
0,0,0,0,0,0,0,0,437,0,0,0,0,0,0,0,0,0,0,0,0,0,0,0,0
0,0,0,0,0,0,0,0,30,133,38,0,3,18,21,23,4,0,0,0,5,4,0,0,0
0,0,0,0,0,0,0,0,0,0,4,0,0,0,0,0,0,24,5,0,0,0,0,0,0
0,0,0,0,0,12,0,0,0,0,0,0,0,0,0,0,0,0,0,0,0,0,0,0,0
0,0,0,0,0,0,0,0,50,61,41,0,0,0,0,0,0,0,0,0,0,0,0,0,0
0,0,0,0,0,0,0,0,19,0,20,27,6,159,0,0,0,0,0,0,0,0,0,0,0
0,0,0,0,0,0,0,0,43,26,36,0,0,0,0,35,1,0,0,0,0,0,0,0,0
0,0,0,0,0,0,0,0,0,14,2,13,4,0,0,0,0,4,0,0,0,0,0,0,0
0,0,0,0,0,0,0,0,0,0,0,26,51,103,0,0,3,0,0,0,0,0,0,0,0
0,0,0,0,0,0,0,0,150,121,0,0,9,54,0,5,0,0,0,0,0,0,0,0,0
0,0,0,0,0,0,0,0,0,46,0,4,8,18,0,1,0,33,0,0,0,0,0,0,0
0,0,0,0,0,0,0,63,236,157,35,0,0,24,0,0,0,0,0,0,0,0,0,0,0
0,0,0,0,0,0,0,0,0,0,0,0,0,0,0,0,0,0,0,0,0,7,0,0,0
0,0,0,0,0,0,0,0,100,24,5,0,3,3,0,0,0,0,0,0,0,0,0,0,0
0,0,0,0,0,0,0,0,9,0,0,0,0,0,60,32,0,0,0,0,0,0,0,0,0
0,0,0,0,0,0,0,0,28,15,4,24,5,5,19,0,0,0,2,3,4,0,0,0,0
0,0,0,0,0,0,0,0,15,0,0,9,46,73,0,0,0,0,0,0,0,0,0,0,0
0,0,0,0,0,0,0,0,26,23,24,17,20,39,0,0,0,0,0,0,0,9,0,0,0
0,0,0,0,0,0,0,0,8,85,15,20,0,0,0,3,8,6,4,0,0,0,0,0,0
0,0,0,0,0,0,0,0,0,0,9,0,0,48,6,8,7,14,0,0,0,2,0,0,0
0,0,0,0,0,0,0,0,0,6,0,0,13,0,0,0,0,0,0,0,0,0,0,0,0
0,0,0,0,0,0,0,0,0,0,21,48,3,38,0,1,0,2,0,0,1,7,0,0,0
0,0,0,0,0,0,0,0,171,100,0,0,0,0,0,0,0,0,0,0,0,0,0,0,0
0,0,0,0,0,0,0,0,0,0,4,2,0,0,0,2,0,0,0,0,0,0,0,0,0
0,0,0,0,0,0,0,0,22,49,35,0,0,0,0,0,0,0,0,0,0,0,0,0,0
0,0,0,0,0,0,0,0,42,27,6,22,0,0,1,6,0,0,0,0,0,0,0,0,0
0,0,0,0,0,0,0,0,20,0,13,0,78,97,0,0,0,0,0,0,0,0,0,0,0
0,0,0,0,0,0,20,17,12,21,13,0,27,67,61,0,0,0,0,0,0,0,0,0,0
0,0,0,0,0,0,0,0,11,79,23,0,0,6,0,29,0,0,0,0,0,0,0,0,0
0,0,0,0,0,0,0,0,0,0,0,0,0,0,1,0,0,0,0,0,0,0,0,0,0
0,0,0,0,0,0,0,0,0,0,0,15,53,46,9,0,0,4,0,0,0,0,0,0,0
0,0,0,0,0,0,18,11,32,22,54,2,1,9,0,0,0,0,0,0,0,0,0,0,0
0,0,0,0,0,0,0,0,21,24,8,10,34,38,0,0,0,0,0,0,0,1,0,0,0
0,0,0,0,0,0,0,7,0,20,0,23,5,8,0,0,0,0,0,0,0,0,0,0,0
0,0,0,0,0,0,0,0,0,23,20,0,0,0,0,0,0,0,0,0,0,0,0,0,0
0,0,0,0,0,0,0,0,4,83,3,0,10,0,0,3,0,0,0,0,0,0,0,0,0
0,0,0,0,0,0,0,0,9,25,157,2,1,0,0,0,2,0,0,0,0,5,0,0,0
0,0,0,0,0,0,0,72,96,135,18,0,0,0,1,0,0,0,0,0,0,0,0,0,0
0,0,0,0,0,0,0,0,31,0,0,0,0,0,0,0,0,0,8,32,4,83,0,0,0
0,0,0,0,0,0,0,0,0,0,0,0,56,128,62,3,11,0,0,0,0,0,0,0,0
0,0,0,0,0,0,0,0,0,0,0,0,0,0,0,0,10,0,6,0,0,0,0,0,0
0,0,0,0,0,0,0,0,0,0,0,0,0,0,0,0,0,0,0,0,0,0,0,0,0
0,0,0,0,0,0,0,0,51,27,3,13,10,7,0,4,0,0,0,0,0,0,0,0,0
0,0,0,0,0,0,0,0,11,12,1,128,40,36,17,9,0,6,0,0,2,0,0,0,0
0,0,0,0,0,0,0,0,0,0,0,0,0,0,0,0,2,0,0,0,0,0,0,0,0
0,0,0,0,0,0,0,0,4,0,0,0,67,174,0,0,4,0,0,0,0,0,0,0,0
0,0,0,0,0,215,105,0,0,0,0,0,0,0,0,0,0,0,0,0,0,0,0,0,0
0,0,0,0,0,0,0,0,9,0,0,433,126,138,6,4,5,0,0,0,0,0,0,0,0
0,0,0,0,0,0,0,243,114,1,3,0,0,0,0,0,0,0,0,0,0,0,0,0,0
0,0,0,0,0,0,0,0,71,75,5,13,2,2,0,0,0,4,3,1,0,0,0,0,0
0,0,0,0,0,0,0,0,0,18,0,0,0,0,0,0,0,0,0,0,4,3,0,0,0
0,0,0,0,0,0,0,0,6,0,0,68,0,0,0,0,0,2,0,0,0,0,0,0,0
0,0,0,0,0,0,0,0,87,112,19,0,33,8,0,0,0,2,0,0,0,0,0,0,0
0,0,0,0,0,0,0,9,19,0,93,0,2,18,0,0,0,0,0,0,0,0,0,0,0
0,0,0,0,0,0,67,77,100,118,21,9,6,55,0,0,0,3,0,9,3,0,0,0,0
0,0,0,0,0,0,14,0,0,0,0,4,13,52,0,0,0,0,0,0,0,0,0,0,0
0,0,0,99,46,72,0,2,0,0,0,0,0,0,0,0,0,0,0,0,0,0,0,0,0
0,0,0,0,0,0,0,0,0,0,0,0,0,0,0,0,0,0,27,0,0,0,0,0,0
0,0,0,0,0,0,0,0,0,5,26,12,1,0,0,0,0,0,0,0,0,1,0,0,0
0,0,0,0,0,0,0,0,16,12,1,0,0,0,0,0,0,0,0,0,0,0,0,0,0
0,0,0,0,0,0,0,0,0,0,0,9,0,0,7,98,0,0,0,0,0,0,0,0,0
0,0,0,0,0,0,0,0,12,71,108,92,11,14,14,25,3,0,0,2,3,0,0,0,0
0,0,0,0,0,0,28,74,79,21,41,16,37,23,0,2,0,3,0,0,0,0,0,0,0
0,0,0,0,0,0,42,127,23,14,0,0,0,0,0,0,0,0,0,0,0,0,0,0,0
0,0,0,0,0,0,0,0,0,0,0,0,0,0,0,0,0,0,0,0,0,0,0,0,0
0,0,0,0,0,0,0,0,15,0,0,0,0,0,0,0,0,0,52,1,0,34,0,0,0
0,0,0,0,0,0,0,0,0,0,0,0,0,0,0,0,0,0,0,0,0,0,0,0,0
0,0,0,0,0,0,0,11,0,0,0,26,20,0,0,0,0,0,0,0,0,0,0,0,0
0,0,0,0,0,0,0,0,205,6,0,0,0,0,0,15,0,2,0,0,0,0,0,0,0
0,0,0,0,0,0,0,0,0,0,0,0,0,0,0,0,7,0,0,0,0,0,0,0,0
0,0,0,0,0,0,0,82,188,71,8,0,5,0,0,0,2,0,0,0,0,0,0,0,0
0,0,0,0,0,0,0,11,3,20,56,0,0,0,0,0,0,0,0,0,0,0,0,0,0
0,0,0,0,0,0,0,0,0,0,0,0,0,0,0,0,0,1,0,0,0,0,0,0,0
0,0,0,0,0,0,0,0,18,0,0,0,0,0,0,0,0,0,0,0,0,0,0,0,0
0,0,0,0,0,0,0,40,31,44,28,0,0,0,0,0,0,0,0,0,0,0,0,0,0
0,0,0,0,0,0,16,37,63,3,0,0,0,1,0,0,0,0,0,0,0,0,0,0,0
0,0,0,0,0,0,106,115,136,48,32,26,3,18,0,0,0,0,0,0,0,0,0,0,0
0,0,0,0,0,0,0,0,44,36,33,95,97,110,0,3,0,2,0,0,0,0,0,0,0
0,0,0,0,0,0,0,0,0,6,0,0,0,0,0,0,0,0,0,41,47,22,0,0,0
0,0,0,0,0,0,0,0,0,34,68,0,0,0,0,0,0,0,0,0,0,0,0,0,0
0,0,0,0,0,0,0,0,69,6,3,0,0,0,9,0,0,0,0,0,0,0,0,0,0
0,0,0,0,0,0,0,0,19,39,69,26,0,0,0,0,0,0,0,0,0,0,0,0,0
0,0,0,0,0,0,0,0,40,18,3,20,9,17,5,3,0,0,0,0,0,0,0,0,0
0,0,0,0,0,0,0,0,235,97,97,13,0,19,0,0,0,0,0,0,0,0,0,0,0
0,0,0,0,0,0,0,0,28,53,25,82,51,59,0,0,2,0,0,0,0,0,0,0,0
0,0,0,0,0,0,0,0,16,0,0,0,0,0,79,0,0,0,0,0,0,0,0,0,0
0,0,0,0,0,0,3,0,0,0,0,0,0,0,0,0,0,0,0,0,0,0,0,0,0
0,0,0,0,0,0,0,0,0,61,48,16,0,0,0,10,7,3,0,0,0,0,0,0,0
0,0,0,0,0,0,0,0,0,0,0,0,0,0,0,0,0,0,0,3,0,0,0,0,0
0,0,0,0,0,0,0,0,59,34,0,0,0,0,0,0,0,0,0,0,0,0,0,0,0
0,0,0,0,0,0,0,0,0,0,0,8,0,0,0,0,0,0,0,0,0,0,0,0,0
0,0,0,0,0,0,0,0,0,24,41,8,0,61,32,7,0,0,0,0,0,0,0,0,0
0,0,0,0,0,0,0,0,0,11,15,34,50,54,0,0,0,0,23,0,0,3,0,0,0
0,0,0,0,0,0,0,0,0,18,52,11,0,0,0,0,0,0,0,0,0,0,0,0,0
0,0,0,0,0,0,0,0,18,59,72,9,0,0,0,0,0,0,0,0,0,0,0,0,0
0,0,0,0,0,0,0,2,0,0,0,0,0,0,0,0,32,0,0,75,0,0,0,0,0
0,0,0,0,0,0,0,0,0,0,0,0,74,82,70,44,0,0,0,0,2,0,0,0,0
0,0,0,0,0,0,0,20,34,18,1,20,6,6,0,1,0,0,0,0,0,0,0,0,0
0,0,0,0,0,0,0,0,38,50,27,34,13,57,0,0,11,0,0,0,0,0,0,0,0
0,0,0,0,0,0,0,0,39,53,4,0,0,0,0,0,0,0,0,0,0,0,0,0,0
0,0,0,0,0,0,0,0,0,57,24,0,0,0,0,0,0,0,0,0,0,0,0,0,0
0,0,0,0,0,0,0,131,1,20,0,7,0,0,0,0,0,0,0,0,0,0,0,0,0
0,0,0,0,0,0,0,0,0,26,32,0,0,0,0,0,0,0,0,0,0,0,0,0,0
0,0,0,0,0,0,120,37,0,4,0,0,0,0,0,0,0,0,0,0,0,0,0,0,0
0,0,0,0,0,0,127,76,76,10,146,36,18,9,0,0,0,0,0,0,0,0,0,0,0
0,0,0,0,0,117,49,90,0,25,25,25,91,9,5,0,0,0,0,0,0,0,0,0,0
0,0,0,0,0,0,0,9,55,68,38,18,16,2,0,0,0,0,0,0,0,0,0,0,0
0,0,0,0,0,0,0,0,57,46,11,27,5,5,0,0,0,5,0,12,5,0,0,0,0
0,0,0,0,0,0,0,28,0,52,9,7,19,63,1,0,0,0,0,0,0,0,0,0,0
0,0,0,0,0,0,16,30,11,3,7,12,9,9,21,0,0,0,0,0,0,0,0,0,0
0,0,0,0,0,0,11,0,36,0,0,0,0,0,0,0,0,0,0,0,0,0,0,0,0
0,0,0,0,0,0,0,0,5,68,22,0,0,0,0,2,1,0,0,0,0,0,0,0,0
0,0,0,0,0,0,0,0,0,0,0,0,0,0,0,0,24,0,0,2,0,0,0,0,0
0,0,0,0,0,0,0,0,10,95,20,0,0,10,0,2,0,0,0,0,0,0,0,0,0
0,0,0,0,0,0,0,33,27,6,5,0,0,0,0,0,0,0,0,0,0,0,0,0,0
0,0,0,0,0,0,10,0,0,40,3,5,0,0,0,0,0,0,0,0,0,0,0,0,0
0,0,0,0,0,0,0,0,8,149,89,48,0,6,0,0,0,0,0,0,0,0,0,0,0
0,0,0,0,0,0,0,0,13,88,50,50,79,64,110,0,0,0,0,0,0,0,0,0,0
0,0,0,0,0,0,0,0,18,18,14,0,0,0,0,0,0,0,0,0,0,0,0,0,0
0,0,0,0,0,0,0,0,17,121,28,60,0,0,0,0,0,0,0,0,0,0,0,0,0
0,0,0,0,0,0,0,0,0,0,90,39,5,41,0,2,0,0,0,0,0,0,0,0,0
0,0,0,0,0,0,0,0,0,0,0,0,0,0,0,0,0,0,0,0,0,0,0,0,0
0,0,0,0,0,0,0,0,0,0,18,0,30,6,36,3,24,2,0,2,0,0,0,0,0
0,0,0,0,0,0,0,0,20,237,28,0,0,12,0,0,0,0,0,0,0,0,0,0,0
0,0,0,0,0,0,0,0,0,0,0,0,0,0,0,0,0,0,0,0,0,0,0,0,0
0,0,0,0,0,0,0,0,0,0,0,139,17,17,5,0,0,0,0,2,0,0,0,0,0
0,0,0,0,0,0,0,0,1,0,64,0,24,46,4,0,0,0,0,0,0,3,0,0,0
0,0,0,0,0,0,0,0,0,183,8,0,0,0,0,0,0,0,0,0,0,1,0,0,0
0,0,0,0,0,0,8,0,5,67,0,0,36,34,13,15,0,2,0,0,2,0,0,0,0
0,0,0,0,0,0,23,50,21,14,5,16,71,72,0,0,0,0,0,0,0,0,0,0,0
0,0,0,0,0,0,0,53,62,53,16,51,73,162,0,0,0,0,0,0,0,0,0,0,0
0,0,0,0,0,0,0,0,0,0,0,0,0,0,0,0,0,0,0,15,0,0,0,0,0
0,0,34,0,5,0,0,0,2,0,0,1,0,0,0,0,0,0,0,0,0,0,0,0,0
0,0,0,0,0,0,0,0,34,39,9,44,18,67,8,0,0,0,0,3,0,0,0,0,0
0,0,0,0,0,0,0,0,0,0,29,35,94,102,10,2,2,0,0,0,0,0,0,0,0
0,0,0,0,0,0,0,35,68,0,30,0,0,0,0,0,0,0,0,0,0,0,0,0,0
0,0,0,0,0,0,0,48,38,114,75,18,7,51,9,2,0,0,0,0,0,0,0,0,0
0,0,0,0,0,0,0,0,7,0,0,0,0,81,0,0,2,0,0,0,0,0,0,0,0
0,0,0,0,0,0,0,0,37,101,131,15,82,145,16,0,5,0,1,0,25,5,0,0,0
0,0,0,0,0,0,28,102,0,38,4,0,0,0,0,0,0,0,0,0,0,0,0,0,0
0,0,0,0,0,0,88,54,0,4,0,0,15,15,0,0,0,0,0,0,0,0,0,0,0
0,0,0,0,0,0,30,43,3,9,0,0,0,0,0,0,0,0,0,0,0,0,0,0,0
0,0,0,0,0,0,3,80,139,96,2,23,0,0,0,0,0,0,0,0,0,0,0,0,0
0,0,0,0,0,0,0,0,36,17,0,32,113,182,55,0,0,2,0,0,0,0,0,0,0
0,0,0,0,0,0,0,0,15,11,4,10,27,43,0,1,0,0,0,0,0,0,0,0,0
0,0,0,0,0,0,0,0,0,6,57,0,0,0,0,0,0,0,0,0,0,0,0,0,0
0,0,0,0,0,0,0,0,0,10,52,15,25,36,53,79,72,3,0,0,0,0,0,0,0
0,0,0,0,0,0,0,0,98,196,19,0,0,0,6,0,5,0,0,0,0,0,0,0,0
0,0,0,0,0,0,0,0,0,0,9,0,0,0,0,0,0,0,57,58,0,0,0,0,0
0,0,0,0,0,0,0,0,0,0,0,70,120,0,0,0,0,0,0,0,0,0,0,0,0
0,0,0,0,0,0,0,0,0,18,0,14,0,42,0,0,66,39,0,0,0,6,0,0,0
0,0,0,0,0,0,120,64,12,0,0,0,0,0,0,0,0,0,0,0,0,0,0,0,0
0,0,0,0,0,0,0,0,5,2,49,16,3,0,0,0,0,2,0,0,0,0,0,0,0
0,0,0,0,0,0,0,0,4,0,50,0,0,7,0,0,0,0,0,0,0,0,0,0,0
0,0,0,0,0,0,0,0,86,31,14,0,0,0,0,0,0,0,0,0,0,0,0,0,0
0,0,0,0,0,0,0,0,0,6,4,14,0,0,3,10,2,5,4,0,0,0,0,0,0
0,0,0,0,0,0,0,0,0,13,3,7,6,62,66,76,2,0,0,0,0,4,0,0,0
0,0,0,0,0,0,8,0,46,46,0,0,0,0,0,0,0,0,0,0,0,0,0,0,0
0,0,0,0,0,0,0,45,0,20,0,0,0,0,0,0,0,0,0,0,0,0,0,0,0
0,0,0,0,0,0,25,50,3,0,0,0,0,0,0,0,0,0,0,0,0,0,0,0,0
0,0,0,0,0,0,32,0,0,17,0,0,29,68,0,0,0,0,0,0,0,0,0,0,0
0,17,28,0,0,0,6,0,0,0,0,0,0,0,0,0,0,0,0,0,0,0,0,0,0
0,0,0,0,0,0,0,0,0,26,29,116,6,0,7,0,15,11,11,0,0,0,0,0,0
0,0,0,0,0,0,0,0,23,0,0,0,2,2,35,0,0,0,0,0,0,0,0,0,0
0,0,0,0,0,0,0,0,4,85,45,9,11,15,29,6,0,0,0,0,0,0,0,0,0
0,0,0,0,0,0,0,0,9,15,27,13,27,87,4,12,40,30,45,30,54,2,0,0,0
0,0,0,0,0,0,0,26,20,0,0,11,30,82,0,0,0,0,0,0,0,0,0,0,0
0,0,0,0,0,0,0,0,0,103,18,46,4,6,0,0,0,0,0,0,0,0,0,0,0
0,0,0,0,0,0,0,256,27,39,17,0,2,33,20,1,0,0,0,0,0,0,0,0,0
0,0,0,0,0,0,0,6,55,37,2,8,5,50,0,0,0,0,0,0,0,0,0,0,0
0,0,0,0,0,0,0,0,14,62,4,18,68,126,30,4,0,0,0,6,0,0,0,0,0
0,0,0,0,0,0,0,0,155,102,53,0,0,0,0,0,0,0,0,0,0,0,0,0,0
0,0,0,0,0,0,0,0,0,2,73,0,0,0,0,0,0,0,0,0,0,0,0,0,0
0,0,0,0,0,0,0,0,0,97,68,19,0,0,5,0,0,0,0,0,0,0,0,0,0
0,0,0,0,0,0,0,0,69,100,47,53,54,26,0,0,0,0,0,0,0,0,0,0,0
0,0,0,0,0,0,0,0,134,37,0,16,0,0,0,0,0,0,0,0,0,0,0,0,0
0,0,0,0,0,0,0,0,0,0,0,0,0,0,0,0,23,0,0,0,0,0,0,0,0
0,0,0,0,0,0,0,75,30,0,0,0,0,0,0,0,0,0,0,0,0,0,0,0,0
0,0,0,0,0,0,0,0,3,52,16,0,0,0,0,0,0,0,0,2,0,0,0,0,0
0,0,0,0,0,0,0,0,3,43,2,0,52,92,29,17,80,23,30,31,31,13,0,0,0
0,0,0,0,0,0,34,27,53,90,11,31,38,68,0,3,0,0,0,0,0,0,0,0,0
0,0,0,0,0,0,0,0,0,0,0,6,55,123,0,0,2,0,0,0,0,0,0,0,0
0,0,0,0,0,0,0,20,14,0,0,0,0,0,0,0,0,49,81,0,0,0,0,0,0
0,0,0,0,0,0,9,0,10,38,36,106,0,4,0,0,0,0,0,0,0,0,0,0,0
0,0,0,0,0,0,36,135,100,0,0,0,0,0,0,0,0,0,0,0,0,0,0,0,0
0,0,0,0,0,0,0,0,3,26,0,24,0,6,6,32,0,0,0,2,0,0,0,0,0
0,0,0,0,0,0,0,0,0,0,0,0,0,0,0,0,0,0,0,0,0,0,0,0,0
0,0,0,0,0,0,0,0,0,0,0,0,0,0,0,0,0,0,0,0,0,0,0,0,0
0,0,0,0,0,0,0,0,18,46,24,0,0,0,0,4,0,0,0,0,0,0,0,0,0
0,0,0,0,0,0,0,0,0,35,5,0,0,0,50,26,0,0,0,0,0,0,0,0,0
0,0,0,0,0,0,84,82,79,0,5,0,0,0,0,0,0,0,0,0,0,0,0,0,0
0,0,0,0,0,0,0,0,0,38,0,8,0,0,0,0,68,73,28,0,0,0,0,0,0
0,0,0,0,0,0,0,0,0,0,0,0,0,0,0,0,0,0,0,0,0,0,0,0,0
0,0,0,0,0,0,0,0,123,0,72,31,0,0,0,0,0,2,0,0,0,0,0,0,0
0,0,0,0,0,0,0,0,0,212,0,0,0,0,0,0,0,0,0,0,0,0,0,0,0
0,0,0,0,0,0,0,0,63,47,39,9,36,58,35,0,13,6,1,0,3,0,0,0,0
0,0,0,0,0,0,0,8,38,71,37,0,0,0,0,0,0,0,0,0,0,0,0,0,0
0,0,0,0,0,0,0,0,0,0,0,0,0,0,0,0,0,0,0,0,0,0,0,0,0
0,0,0,0,0,0,0,0,0,0,0,0,0,0,0,0,9,11,0,0,0,0,0,0,0
0,0,0,0,0,0,0,0,0,0,0,0,0,0,0,0,0,0,0,0,0,0,0,0,0
0,0,0,0,0,0,0,0,108,49,0,0,0,0,0,0,0,0,0,0,0,0,0,0,0
0,0,0,0,0,0,0,0,0,0,0,0,0,27,13,0,0,25,0,0,0,0,0,0,0
0,0,0,0,0,0,0,0,61,0,0,0,0,0,0,0,0,0,0,0,53,0,0,0,0
0,0,0,0,0,0,0,0,11,93,38,20,5,17,0,0,2,0,0,0,0,0,0,0,0
0,0,0,0,0,0,0,0,0,0,0,0,4,4,0,0,0,0,0,0,0,0,0,0,0
0,0,0,0,0,0,0,53,20,40,59,10,0,0,3,0,0,0,0,0,0,0,0,0,0
0,0,0,0,0,0,0,0,0,0,12,33,11,11,0,29,0,0,0,0,16,0,0,0,0
0,0,0,0,0,0,28,19,84,19,14,0,0,0,0,0,0,0,0,0,0,0,0,0,0
0,0,0,0,0,0,0,0,46,120,36,0,5,0,0,0,0,0,0,0,0,0,0,0,0
0,0,0,0,0,0,0,11,0,0,18,0,7,38,2,0,0,0,0,0,0,0,0,0,0
0,0,0,0,0,0,0,44,98,22,19,0,4,16,0,0,0,0,0,0,0,0,0,0,0
0,0,0,0,0,0,0,0,138,21,0,0,0,0,0,0,8,3,0,0,0,0,0,0,0
0,0,0,0,0,0,0,0,46,29,8,3,23,92,17,11,0,0,0,0,0,9,0,0,0
0,0,0,0,0,0,0,0,0,0,16,8,0,0,0,0,0,0,0,0,0,0,0,0,0
0,0,0,0,0,0,0,0,0,0,0,0,0,0,0,0,0,0,0,0,0,6,0,0,0
0,0,0,0,0,0,0,0,0,0,0,0,0,0,0,0,15,0,0,0,0,0,0,0,0
0,0,0,0,0,0,0,0,0,59,44,10,3,15,0,3,0,0,0,2,0,0,0,0,0
0,0,0,0,0,0,0,0,13,0,93,68,44,0,0,0,0,0,0,0,0,0,0,0,0
0,0,0,0,0,0,0,11,0,37,43,6,32,10,0,0,2,0,8,0,0,0,0,0,0
0,0,0,0,0,0,0,0,3,46,10,19,8,6,0,0,2,0,0,0,0,0,0,0,0
0,0,0,0,0,0,115,0,3,0,0,0,0,0,0,0,0,157,0,0,0,0,0,0,0
0,0,0,0,0,0,3,0,0,0,0,0,0,0,0,0,0,0,0,0,0,0,0,0,0
0,0,0,0,0,0,0,0,51,70,3,11,9,12,0,0,0,0,0,0,0,0,0,0,0
0,0,0,0,0,0,0,0,0,0,0,0,0,0,0,0,0,0,0,0,0,0,0,0,0
0,0,0,0,0,0,0,0,133,14,6,0,7,16,3,0,0,4,0,0,0,0,0,0,0
0,0,0,0,0,0,0,0,2,42,13,0,0,0,0,0,0,0,3,21,7,0,0,0,0
0,0,0,0,0,0,0,0,90,40,4,10,31,116,0,0,0,0,0,0,0,0,0,0,0
0,0,0,0,0,0,0,0,28,0,13,1,16,14,20,12,0,0,56,13,23,53,0,0,0
0,0,0,0,0,0,0,0,0,103,41,3,34,66,0,0,0,0,14,0,0,0,0,0,0
0,0,0,0,0,0,0,0,75,46,62,24,18,34,1,0,0,0,0,0,17,5,0,0,0
0,0,0,0,0,0,0,0,3,92,74,48,8,0,0,0,0,0,0,0,0,0,0,0,0
0,0,0,0,0,0,0,0,0,0,0,0,5,5,5,14,0,4,0,0,0,0,0,0,0
0,0,0,0,0,0,3,0,4,0,21,118,10,3,0,0,0,0,0,0,0,0,0,0,0
0,0,0,0,0,0,87,35,0,1,0,0,0,0,0,0,0,0,0,0,0,0,0,0,0
0,0,0,0,0,0,120,119,105,0,0,0,0,0,0,3,0,0,0,0,0,0,0,0,0
0,0,0,0,0,0,65,120,33,0,0,0,0,17,0,0,0,0,0,0,0,0,0,0,0
0,0,0,0,0,0,0,0,21,10,0,0,0,0,0,0,15,16,0,0,0,0,0,0,0
0,0,0,0,0,0,0,0,0,0,0,0,0,0,0,0,0,0,0,0,0,7,0,0,0
0,0,0,0,0,0,0,0,1,59,0,0,0,0,0,0,0,0,0,0,0,0,0,0,0
0,0,0,0,0,0,4,0,0,0,22,8,0,0,35,0,0,0,0,0,0,0,0,0,0
0,0,0,0,0,0,0,0,5,0,0,0,1,1,2,0,0,39,0,0,0,0,0,0,0
0,0,0,0,0,0,0,0,3,90,54,57,0,16,0,0,0,0,0,0,0,0,0,0,0
0,0,0,0,0,0,0,99,12,19,30,1,13,34,3,0,0,0,0,0,0,0,0,0,0
0,0,0,0,0,0,0,0,37,37,0,0,0,0,0,0,0,0,0,0,0,0,0,0,0
0,0,0,0,0,0,0,0,4,0,19,34,70,47,1,0,0,0,0,0,0,0,0,0,0
0,0,0,0,0,0,0,6,0,0,10,0,28,41,0,0,0,0,0,0,0,0,0,0,0
0,0,0,0,0,0,0,30,0,0,22,0,0,0,0,0,0,0,0,0,0,0,0,0,0
0,0,0,0,0,0,0,0,0,0,0,0,0,0,0,0,0,0,0,0,0,0,0,0,0
0,0,0,0,0,0,0,0,0,3,4,36,27,5,0,0,0,18,0,0,0,0,0,0,0
0,0,0,0,0,0,0,49,47,0,0,0,0,0,0,0,0,0,0,0,0,0,0,0,0
0,0,0,0,0,0,0,0,31,59,10,0,0,0,0,0,0,0,0,0,0,0,0,0,0
0,0,0,0,0,0,0,0,0,0,4,0,0,0,0,0,0,0,0,0,0,0,0,0,0
0,0,0,0,0,0,0,0,0,0,7,0,23,111,0,0,0,0,0,0,0,0,0,0,0
0,0,0,0,0,0,0,0,0,3,0,0,0,0,0,0,0,0,0,0,0,0,0,0,0
0,0,0,0,0,0,0,0,0,0,0,118,3,0,0,0,0,0,0,0,0,0,0,0,0
0,0,0,0,0,0,0,0,0,0,0,0,0,0,0,0,0,0,0,3,0,0,0,0,0
0,0,0,0,0,0,0,0,169,90,21,0,0,0,0,0,0,0,0,0,0,0,0,0,0
0,0,0,0,0,0,0,0,23,0,9,0,6,6,9,9,30,0,34,25,0,0,0,0,0
0,0,0,0,0,0,0,0,3,0,3,53,23,36,14,0,8,4,0,0,0,0,0,0,0
0,0,0,0,0,0,5,0,71,0,1,0,0,0,0,0,0,0,0,0,0,0,0,0,0
0,0,0,0,0,0,0,0,0,0,0,27,0,18,25,0,0,0,0,2,0,0,0,0,0
0,0,0,0,0,0,0,0,3,0,0,0,0,0,16,31,3,0,0,0,0,0,0,0,0
0,0,0,0,0,0,0,0,12,0,0,0,97,73,0,0,63,10,0,0,0,0,0,0,0
0,0,0,0,0,0,0,0,0,0,0,0,0,0,0,0,0,0,0,0,0,0,0,0,0
0,0,0,0,0,0,0,0,0,0,40,17,8,2,0,2,0,0,0,0,0,0,0,0,0
0,0,0,0,0,0,0,0,32,0,0,32,38,49,46,14,0,7,0,0,0,0,0,0,0
0,0,0,0,0,0,0,0,0,5,35,0,44,8,0,0,0,0,0,0,0,41,0,0,0
0,0,0,0,0,0,0,0,42,83,0,1,0,0,0,0,0,0,0,0,0,2,0,0,0
0,0,0,0,0,0,0,0,67,30,17,0,0,0,0,3,0,0,0,0,0,1,0,0,0
0,0,0,0,0,0,0,0,37,10,0,29,0,77,0,11,0,0,0,0,0,0,0,0,0
0,0,0,0,0,0,25,0,0,61,10,0,0,0,0,0,0,0,0,0,0,0,0,0,0
0,0,0,0,0,0,0,23,34,34,18,0,0,0,0,0,0,0,0,0,0,0,0,0,0
0,0,0,0,0,0,0,0,15,57,56,43,22,16,0,0,0,2,0,0,0,0,0,0,0
0,0,0,0,0,0,0,0,85,28,0,11,0,0,0,0,0,0,0,0,0,0,0,0,0
0,0,0,0,0,0,0,0,0,0,0,0,0,0,0,0,0,0,0,0,0,29,0,0,0
0,0,0,0,0,0,0,16,0,0,37,2,2,2,0,0,0,8,7,0,0,0,0,0,0
0,0,0,0,0,0,0,0,24,18,22,8,8,2,0,42,0,0,48,0,0,0,0,0,0
0,0,0,0,0,0,0,0,81,58,12,0,0,0,0,0,0,0,0,0,0,0,0,0,0
0,0,0,0,0,0,0,0,35,0,0,0,0,0,29,148,23,1,0,0,1,0,0,0,0
0,0,0,0,0,0,0,0,0,58,24,9,0,12,0,0,0,0,0,4,0,0,0,0,0
0,30,175,134,350,269,450,193,263,58,72,11,13,54,13,15,12,8,4,9,0,22,0,0,0
0,0,0,0,0,0,0,0,13,0,0,22,23,30,0,0,0,0,0,2,0,0,0,0,0
0,0,0,0,0,0,0,0,10,0,0,0,0,0,0,0,0,0,0,0,0,0,0,0,0
0,0,0,0,0,0,0,4,62,39,10,0,0,8,0,0,0,15,4,0,0,0,0,0,0
0,0,0,0,0,0,71,85,19,0,0,0,0,20,4,0,0,0,0,0,0,0,0,0,0
0,0,0,0,0,0,0,0,14,0,10,14,4,10,39,3,59,0,0,0,0,0,0,0,0
0,0,0,0,0,0,0,0,0,0,0,0,0,79,0,36,0,0,0,0,0,5,0,0,0
0,0,0,0,0,0,0,0,10,25,38,30,0,0,0,0,0,0,0,0,0,0,0,0,0
0,0,0,0,0,0,0,0,61,4,0,0,0,0,0,0,0,0,0,0,0,0,0,0,0
0,0,0,0,0,0,3,74,0,9,13,6,0,0,0,0,0,6,0,0,0,0,0,0,0
0,0,0,0,0,0,0,0,0,9,0,1,0,0,0,0,0,0,0,0,0,0,0,0,0
0,0,0,0,0,0,0,43,34,25,64,4,0,0,0,0,0,0,0,0,0,0,0,0,0
0,0,0,0,0,0,0,0,0,0,90,0,60,171,178,218,210,0,0,3,0,0,0,0,0
0,0,0,0,0,0,0,0,1,76,31,7,0,6,0,0,0,0,0,0,0,2,0,0,0
0,0,0,0,0,0,0,0,57,66,60,1,2,1,0,0,13,6,5,1,8,2,0,0,0
0,0,0,0,0,0,116,99,77,12,6,1,0,28,0,0,0,0,0,0,0,0,0,0,0
0,0,0,0,0,0,19,26,44,3,9,0,0,0,0,0,0,0,0,0,0,0,0,0,0
0,0,0,0,0,0,0,0,54,94,29,43,0,0,0,0,0,0,0,0,0,0,0,0,0
0,0,0,0,0,0,0,0,0,0,0,30,0,0,0,0,0,0,0,0,84,83,0,0,0
0,0,0,0,0,0,0,0,0,97,36,0,0,0,0,0,0,0,0,0,0,0,0,0,0
0,0,0,0,0,0,0,0,133,11,0,0,0,12,0,0,0,0,0,0,0,0,0,0,0
0,0,0,0,0,0,92,24,95,0,0,0,0,62,0,0,0,0,0,0,0,0,0,0,0
0,0,0,0,0,0,0,20,46,0,50,15,0,0,0,0,0,0,0,0,0,0,0,0,0
0,0,0,0,0,0,45,87,51,83,10,0,0,0,0,0,0,0,0,0,0,0,0,0,0
0,0,0,0,0,0,0,0,0,0,0,4,0,61,34,31,7,2,0,0,0,0,0,0,0
0,0,0,0,0,0,23,77,62,23,0,0,0,0,0,0,0,0,0,0,0,0,0,0,0
0,0,0,0,0,0,0,0,0,0,32,0,12,12,0,0,0,0,0,0,36,8,0,0,0
0,0,0,0,0,0,0,21,97,14,3,0,4,4,0,0,0,6,0,0,0,0,0,0,0
0,0,0,0,0,0,0,0,7,2,8,143,19,0,23,0,0,0,0,5,11,6,0,0,0
0,0,0,0,0,0,0,0,25,119,17,2,0,0,0,0,0,0,0,0,0,0,0,0,0
0,0,0,0,0,0,0,0,3,40,18,19,0,0,0,2,0,0,12,0,0,0,0,0,0
0,0,0,0,0,0,0,0,188,34,4,0,1,0,0,0,8,0,3,0,0,8,0,0,0
0,0,0,0,0,0,0,0,54,14,0,1,4,93,3,0,0,0,0,2,0,0,0,0,0
0,0,0,0,0,0,25,9,14,0,0,0,0,0,0,0,0,3,8,0,0,0,0,0,0
0,0,0,0,0,0,0,3,61,28,79,83,126,139,0,0,3,0,0,0,0,0,0,0,0
0,0,0,0,0,0,0,125,0,0,0,0,0,0,0,0,0,0,0,0,0,0,0,0,0
0,0,0,0,0,0,0,0,0,66,36,32,0,0,0,2,0,0,0,0,0,0,0,0,0
0,0,0,0,0,0,0,60,34,21,4,4,9,21,0,17,1,1,0,0,0,0,0,0,0
0,0,0,0,0,0,0,81,24,31,29,0,35,91,0,0,0,0,0,0,0,0,0,0,0
0,0,0,0,0,0,31,15,8,0,0,0,0,26,0,0,0,0,0,0,0,0,0,0,0
0,0,0,0,0,0,0,0,170,60,24,35,22,0,0,0,0,0,0,6,0,0,0,0,0
0,0,0,0,0,0,0,0,14,0,0,0,0,0,16,0,36,0,0,0,0,0,0,0,0
0,0,0,0,0,0,0,0,19,6,0,2,31,34,0,0,0,3,0,0,0,9,0,0,0
0,0,0,0,0,0,6,1,55,0,3,0,0,0,0,0,0,0,0,0,0,0,0,0,0
0,0,0,0,0,0,0,0,16,5,9,0,9,79,3,40,0,0,7,4,84,50,0,0,0
0,0,0,0,0,0,9,95,95,5,1,0,0,4,4,3,0,0,0,0,0,0,0,0,0
0,0,0,0,0,0,0,0,0,0,82,44,0,0,0,0,0,0,0,0,0,0,0,0,0
0,0,0,0,0,0,4,104,51,0,30,35,66,24,0,0,0,0,0,0,0,0,0,0,0
0,0,0,0,0,0,0,0,0,0,11,71,26,0,0,10,0,0,0,0,0,3,0,0,0
0,0,0,0,0,0,0,0,0,0,0,0,0,19,78,7,0,0,0,0,0,0,0,0,0
0,0,0,0,0,0,0,72,96,135,18,0,0,0,1,0,0,0,0,0,0,0,0,0,0
0,0,0,0,0,0,0,0,12,0,0,23,6,12,41,89,0,0,0,0,0,0,0,0,0
0,0,0,0,0,0,0,0,0,18,56,36,2,10,0,3,0,0,0,0,0,0,0,0,0
0,0,0,0,0,0,14,47,74,81,28,0,0,0,0,0,0,0,0,0,0,0,0,0,0
0,0,0,0,0,0,46,27,0,86,29,0,0,0,0,0,0,0,0,0,0,0,0,0,0
0,0,0,0,0,0,27,23,42,0,1,0,0,0,0,0,0,0,0,0,0,0,0,0,0
0,0,0,0,0,0,0,0,15,0,0,9,46,73,0,0,0,0,0,0,0,0,0,0,0
0,0,0,0,0,0,0,0,0,104,69,31,69,121,0,38,0,13,0,0,0,0,0,0,0
0,17,1,10,44,26,0,0,18,0,0,0,0,0,0,0,0,0,0,0,0,0,0,0,0
0,0,0,0,0,0,0,76,3,24,0,0,0,0,0,0,0,0,0,0,0,0,0,0,0
0,0,0,0,0,0,0,0,19,42,21,22,17,41,36,44,40,37,14,0,0,0,0,0,0
0,0,0,0,0,0,0,26,0,0,32,0,0,0,0,0,0,0,0,0,0,0,0,0,0
0,0,0,0,0,0,8,0,0,0,0,25,10,2,11,0,3,0,0,0,0,0,0,0,0
0,0,0,0,0,0,0,0,0,0,178,59,4,4,0,0,0,0,0,0,0,0,0,0,0
0,0,0,0,0,0,0,0,11,0,0,0,44,105,5,0,5,0,0,0,0,0,0,0,0
0,0,0,0,0,0,0,6,55,37,2,8,5,50,0,0,0,0,0,0,0,0,0,0,0
0,0,0,0,0,0,0,0,32,189,13,1,0,1,0,0,0,0,0,0,0,3,0,0,0
0,0,0,0,0,0,0,2,4,64,24,4,0,0,0,0,0,0,0,0,0,0,0,0,0
0,0,0,0,0,0,0,0,13,1,73,52,5,25,18,0,123,21,0,0,0,0,0,0,0
0,0,0,0,0,0,0,0,15,0,12,0,13,15,41,12,54,52,0,0,0,0,0,0,0
0,0,0,0,0,0,124,10,2,0,0,0,0,35,0,0,0,0,0,0,0,0,0,0,0
0,0,0,0,0,0,304,154,5,0,0,0,0,0,0,0,0,0,0,0,0,0,0,0,0
0,0,0,0,0,0,0,0,0,0,0,0,0,0,18,0,10,0,0,25,53,50,0,0,0
0,0,0,0,0,0,0,0,126,80,44,22,0,80,0,0,2,0,0,0,0,0,0,0,0
0,0,0,0,0,0,0,0,0,74,0,43,13,39,0,0,0,5,0,0,0,0,0,0,0
0,0,0,0,0,0,9,13,0,88,36,0,0,0,0,0,0,0,0,0,0,0,0,0,0
0,0,0,0,0,0,0,52,13,2,0,7,3,3,0,3,3,0,0,0,0,0,0,0,0
0,0,0,0,0,0,0,0,6,5,7,0,95,105,0,0,0,3,0,0,0,0,0,0,0
0,0,0,0,0,0,0,0,0,0,0,0,0,0,0,0,0,0,0,0,0,0,0,0,0
0,0,0,0,0,0,0,0,0,0,80,39,0,0,0,0,0,2,0,0,0,0,0,0,0
0,0,0,0,0,0,0,0,0,0,11,42,21,8,0,2,0,0,0,0,0,0,0,0,0
0,0,0,0,0,0,0,14,42,0,0,0,25,25,13,0,0,0,0,0,0,0,0,0,0
0,0,14,0,0,80,288,715,589,241,162,77,190,283,94,20,47,0,0,0,19,11,0,0,0
0,0,0,0,0,0,113,49,8,14,0,0,0,10,0,0,0,0,0,0,0,0,0,0,0
0,0,0,0,0,0,27,36,43,10,1,13,7,4,0,0,0,0,0,0,0,0,0,0,0
0,0,1,0,0,0,4,0,0,0,0,0,0,0,0,0,0,0,0,0,0,0,0,0,0
0,0,0,0,0,0,0,0,0,13,0,14,0,0,7,11,0,0,0,0,0,0,0,0,0
0,0,0,0,0,0,0,47,71,65,60,10,50,27,0,0,0,0,0,0,0,0,0,0,0
0,0,0,0,0,0,0,0,63,29,22,33,49,153,0,0,0,0,0,0,0,0,0,0,0
0,0,0,0,0,0,60,49,133,22,23,0,0,0,0,0,0,0,0,0,0,0,0,0,0
0,0,0,0,0,0,0,14,0,36,0,0,5,5,0,0,0,0,0,0,0,0,0,0,0
0,0,0,0,0,0,0,0,2,65,97,0,5,0,0,0,0,0,0,4,0,0,0,0,0
0,0,0,0,0,0,58,12,38,0,0,0,0,10,15,3,5,31,0,0,0,0,0,0,0
0,0,0,0,0,0,0,0,0,78,19,26,13,32,12,10,0,0,0,0,0,0,0,0,0
0,0,0,0,0,0,0,0,11,0,0,24,20,20,11,6,0,0,0,2,0,0,0,0,0
0,0,0,0,0,0,0,3,0,0,0,1,16,64,10,0,0,0,0,0,0,0,0,0,0
0,0,0,27,15,0,0,0,0,0,0,0,0,0,0,0,0,0,0,0,0,0,0,0,0
0,0,0,0,0,0,0,0,25,223,0,2,0,0,0,0,0,0,0,0,0,0,0,0,0
0,0,0,0,0,0,0,0,11,3,16,131,54,15,0,0,0,0,0,0,0,0,0,0,0
0,0,0,0,0,0,0,0,53,0,7,0,55,65,15,0,0,0,23,0,0,0,0,0,0
0,0,0,0,0,0,1,0,0,27,6,15,30,31,0,0,0,0,0,0,0,0,0,0,0
0,0,0,0,0,0,6,0,40,5,16,0,0,0,0,0,0,0,0,0,0,0,0,0,0
0,0,0,0,0,0,0,12,8,22,0,0,0,0,0,0,0,0,0,0,0,0,0,0,0
0,0,0,0,0,0,2,0,0,0,0,0,0,22,13,0,0,0,0,0,0,0,0,0,0
0,0,0,0,0,0,0,0,135,90,0,0,1,88,40,0,0,0,0,0,0,0,0,0,0
0,0,0,0,0,0,0,0,3,62,73,4,0,0,0,12,0,0,0,0,0,7,0,0,0
0,0,0,0,0,0,0,0,36,48,0,23,0,0,0,0,0,0,0,0,0,0,0,0,0
0,0,0,0,0,0,0,0,2,23,0,0,0,0,0,14,7,0,0,0,0,0,0,0,0
0,0,0,0,0,0,0,0,0,1,0,1,29,45,58,76,0,0,0,0,0,0,0,0,0
0,0,0,0,0,0,0,17,0,0,20,0,0,42,0,0,0,0,0,0,0,0,0,0,0
0,0,0,0,0,0,0,0,2,0,0,39,23,48,7,0,3,0,0,0,0,4,0,0,0
0,0,0,0,0,0,0,0,16,9,3,0,7,12,7,3,0,0,0,0,0,0,0,0,0
0,0,0,0,0,0,0,0,7,74,0,0,0,0,0,0,0,34,0,0,0,0,0,0,0
0,0,0,0,0,0,0,14,96,0,1,14,9,21,0,5,1,2,27,0,0,0,0,0,0
0,0,0,0,0,0,0,0,76,41,3,74,9,18,0,3,4,0,0,0,0,0,0,0,0
0,0,0,0,0,0,57,20,24,145,100,41,42,27,114,11,6,29,0,0,0,0,0,0,0
0,0,0,0,0,0,0,0,43,98,22,0,3,0,0,6,0,0,0,0,0,0,0,0,0
0,0,0,0,0,0,0,0,0,3,0,0,97,252,0,0,2,0,0,0,0,0,0,0,0
0,0,0,0,0,0,44,201,5,33,11,11,0,9,15,17,0,0,0,0,0,0,0,0,0
0,0,0,0,0,0,0,0,0,0,0,0,0,0,0,0,2,10,0,0,0,0,0,0,0
0,0,0,0,0,0,0,0,8,0,0,0,57,102,11,6,20,12,4,0,0,6,0,0,0
0,0,0,0,0,0,0,0,0,0,0,63,0,0,18,0,0,0,0,0,0,0,0,0,0
0,0,0,0,0,0,0,0,16,0,6,0,38,26,0,13,0,0,0,3,0,0,0,0,0
0,0,0,0,0,0,0,0,0,43,48,11,23,32,0,0,0,0,0,4,0,0,0,0,0
0,0,0,0,0,0,0,0,16,37,102,5,3,0,2,0,0,2,0,14,0,0,0,0,0
0,0,0,0,0,0,0,0,12,36,46,0,0,0,0,28,0,0,0,0,0,0,0,0,0
0,20,10,0,7,0,0,0,0,0,0,0,0,0,0,0,0,0,0,0,0,0,0,0,0
0,0,0,0,0,0,0,0,9,0,102,0,137,109,0,0,0,2,0,0,0,0,0,0,0
0,0,0,0,0,0,0,3,11,0,5,0,0,40,14,0,0,0,0,0,0,0,0,0,0
0,0,0,0,0,0,0,34,9,27,0,4,0,0,0,0,0,0,0,0,0,0,0,0,0
0,0,0,0,0,0,0,0,0,25,65,162,25,25,0,0,0,0,0,0,0,0,0,0,0
0,0,0,0,0,0,0,10,0,201,57,1,11,26,4,0,0,0,0,0,0,0,0,0,0
0,0,0,0,0,0,0,0,5,0,0,1,18,15,48,0,2,0,0,0,0,0,0,0,0
0,0,0,0,0,0,131,66,52,0,0,0,0,1,0,0,0,0,0,0,0,0,0,0,0
0,0,0,0,0,0,0,0,56,30,17,9,12,9,0,1,0,0,0,0,0,4,0,0,0
0,0,0,0,0,0,0,0,25,4,7,1,0,16,0,0,21,9,5,0,0,0,0,0,0
0,0,0,0,0,0,22,0,0,0,0,0,0,0,0,0,0,0,29,0,0,0,0,0,0
0,0,0,0,0,0,0,73,32,28,56,0,34,41,0,0,0,0,0,0,0,0,0,0,0
0,0,0,0,0,0,0,0,7,0,141,7,12,12,0,2,0,0,0,0,0,0,0,0,0
0,0,0,0,0,0,0,0,0,38,0,0,8,0,0,0,0,12,0,55,88,0,0,0,0
0,0,0,0,0,0,6,0,17,42,18,0,0,0,0,0,0,0,0,0,0,0,0,0,0
0,0,0,0,0,0,0,0,19,12,19,128,8,0,0,0,0,0,0,0,0,0,0,0,0
0,0,0,0,0,0,0,0,5,15,55,1,70,70,0,0,0,4,0,0,0,0,0,0,0
0,0,0,0,0,0,0,0,8,0,0,14,3,41,14,8,0,3,0,0,0,4,0,0,0
0,0,0,0,0,0,99,78,34,0,0,0,0,0,7,3,7,6,0,0,0,0,0,0,0
0,0,0,0,0,138,9,0,0,0,0,0,0,0,0,0,0,0,0,0,0,0,0,0,0
0,0,0,0,0,0,14,7,16,6,4,10,0,0,0,0,0,0,0,0,0,0,0,0,0
0,0,0,0,0,0,67,77,100,118,21,9,6,55,0,0,0,3,0,9,3,0,0,0,0
0,0,0,0,0,0,0,0,15,91,45,0,0,23,0,9,0,0,0,0,0,0,0,0,0
0,0,0,0,0,0,10,0,0,57,21,0,0,0,0,0,0,0,0,0,0,0,0,0,0
0,0,0,0,0,0,0,0,0,69,14,12,3,5,0,0,0,0,0,0,0,0,0,0,0
0,0,0,0,0,0,10,38,4,20,22,0,0,0,0,0,0,0,0,0,0,0,0,0,0
0,0,0,0,0,0,15,40,110,25,0,0,0,0,0,0,0,0,0,0,0,0,0,0,0
0,0,0,0,0,0,3,9,0,4,0,0,0,9,9,3,8,38,0,0,0,0,0,0,0
0,0,0,0,0,0,0,5,100,0,0,0,0,0,0,0,0,0,1,0,0,0,0,0,0
0,0,0,0,0,0,0,0,0,1,0,0,0,0,0,0,0,0,0,0,0,0,0,0,0
0,0,0,0,0,0,0,0,61,148,25,61,15,30,0,0,0,35,0,0,3,1,0,0,0
0,0,0,0,0,0,157,52,4,8,8,1,2,50,1,0,0,0,0,0,0,0,0,0,0
0,0,0,0,0,0,0,0,0,3,7,0,19,26,34,0,0,0,0,0,0,5,0,0,0
0,0,0,0,0,0,17,80,27,3,8,14,26,39,0,0,0,0,0,0,0,0,0,0,0
0,0,0,0,0,0,0,0,66,0,6,24,89,73,0,0,0,0,0,0,0,0,0,0,0
0,0,0,0,0,0,0,0,3,0,12,61,11,49,0,0,47,24,18,0,0,0,0,0,0
0,0,0,0,0,0,9,26,20,56,29,11,0,0,0,0,0,0,0,0,0,0,0,0,0
0,0,0,0,0,0,0,0,1,0,0,0,33,52,15,0,0,2,0,0,0,0,0,0,0
0,0,0,0,0,0,0,0,0,61,9,6,0,0,0,0,2,0,0,0,0,0,0,0,0
0,0,0,0,0,0,0,0,27,9,0,0,0,0,0,0,0,0,0,0,0,0,0,0,0
0,0,0,0,0,0,0,3,0,0,0,0,0,2,0,0,0,0,0,0,0,0,0,0,0
0,0,0,0,0,0,0,0,0,48,16,4,0,0,0,0,0,0,0,0,0,4,0,0,0
0,0,0,0,0,0,0,0,179,16,4,13,5,5,0,0,0,0,0,0,0,0,0,0,0
0,0,0,0,0,0,0,0,6,20,28,3,0,0,0,0,0,0,0,0,0,0,0,0,0
0,0,0,0,0,0,284,12,0,56,19,3,3,4,1,0,0,0,0,0,0,0,0,0,0
0,0,0,0,0,0,0,0,0,14,0,19,0,18,0,8,0,0,0,34,2,23,0,0,0
0,0,0,0,0,0,0,0,3,0,0,14,43,123,0,0,5,0,0,0,0,0,0,0,0
0,0,0,0,0,0,0,12,8,5,0,0,14,25,0,0,0,0,0,0,0,0,0,0,0
0,0,0,0,0,0,0,0,15,0,12,0,0,0,0,10,9,3,0,3,0,0,0,0,0
0,0,0,0,0,0,28,60,21,2,0,0,19,25,6,0,0,0,0,0,0,0,0,0,0
0,0,0,0,0,0,0,0,30,74,114,0,21,128,23,0,1,5,3,0,0,0,0,0,0
0,0,0,0,0,0,0,0,40,34,28,14,8,0,0,1,0,0,0,0,0,4,0,0,0
0,0,0,0,0,0,0,0,30,65,7,10,0,0,0,0,0,0,2,0,0,0,0,0,0
0,0,0,0,0,0,0,14,21,13,0,0,0,9,0,0,0,0,0,0,0,0,0,0,0
0,0,0,0,0,0,0,0,0,0,32,163,109,47,57,47,6,0,0,0,0,0,0,0,0
0,0,0,0,0,0,0,0,0,0,0,0,72,4,0,18,2,0,0,0,0,0,0,0,0
0,0,0,0,0,0,0,17,0,0,32,0,0,0,0,0,0,0,0,0,0,0,0,0,0
0,0,0,0,0,0,0,0,42,27,6,22,0,0,1,6,0,0,0,0,0,0,0,0,0
0,0,0,0,0,0,0,0,0,41,38,33,5,3,4,0,0,0,0,0,0,0,0,0,0
0,0,0,0,0,0,0,0,0,6,0,80,56,39,14,16,8,0,0,0,0,0,0,0,0
0,0,0,0,0,0,0,19,84,24,24,4,0,0,0,0,0,0,0,0,0,0,0,0,0
0,0,0,0,0,0,0,0,0,0,0,0,89,88,0,0,0,2,0,0,0,0,0,0,0
0,0,0,0,0,0,0,0,43,24,185,0,0,0,0,0,0,0,0,0,0,2,0,0,0
0,0,0,0,0,0,1,17,6,77,11,1,0,0,0,5,0,0,0,0,0,0,0,0,0
0,0,0,0,0,0,20,15,28,120,107,0,0,7,0,51,0,13,0,0,0,0,0,0,0
0,0,0,0,0,0,0,0,0,30,0,12,0,18,0,2,0,0,0,0,1,0,0,0,0
0,0,0,0,0,0,4,25,0,79,50,0,0,24,3,0,0,0,0,0,0,0,0,0,0
0,0,0,0,0,0,0,0,16,0,0,0,0,0,27,5,16,0,0,0,0,0,0,0,0
0,0,0,0,0,0,0,0,0,21,0,0,0,0,0,0,0,0,0,0,0,0,0,0,0
0,0,0,0,0,0,0,0,32,0,13,0,10,40,0,0,0,0,0,0,0,0,0,0,0
0,0,0,0,0,0,0,0,0,0,0,47,36,67,20,0,43,0,0,3,0,4,0,0,0
0,0,0,0,0,0,0,0,12,0,0,49,0,0,0,0,0,0,0,2,0,0,0,0,0
0,0,0,0,0,0,0,36,10,217,22,27,9,13,3,2,0,0,0,0,0,0,0,0,0
0,0,0,0,0,0,0,0,13,2,4,48,4,7,0,0,0,3,0,0,0,0,0,0,0
0,0,0,0,0,0,0,0,40,13,0,0,58,92,11,0,3,0,0,0,0,0,0,0,0
0,0,0,0,0,0,0,0,25,16,2,10,0,0,0,0,0,0,0,0,0,0,0,0,0
0,0,0,0,0,0,0,0,1,89,5,0,3,43,0,0,2,6,4,0,0,0,0,0,0
0,0,0,0,0,0,0,0,167,152,30,0,60,47,7,0,0,0,0,3,0,0,0,0,0
0,0,0,0,0,0,0,0,0,0,36,17,8,65,0,3,36,0,0,0,0,0,0,0,0
0,0,0,0,0,0,18,12,12,4,0,0,0,0,0,0,0,0,0,0,0,0,0,0,0
0,0,0,0,0,0,0,0,0,0,0,0,0,0,0,0,0,0,0,0,0,0,0,0,0
0,0,0,0,0,0,0,0,0,0,0,0,0,0,0,0,0,0,0,0,0,0,0,0,0
0,0,0,0,0,0,0,0,51,64,0,32,5,31,15,2,0,0,0,0,37,0,0,0,0
0,0,0,0,0,0,0,0,206,3,0,0,0,2,0,0,0,0,0,0,0,0,0,0,0
0,0,0,0,0,0,0,0,55,90,49,1,35,28,0,0,0,0,0,0,0,0,0,0,0
0,0,0,0,0,0,26,0,56,20,36,4,0,0,0,0,0,0,3,0,0,0,0,0,0
0,0,0,0,0,0,0,0,30,51,13,56,47,24,17,5,27,58,49,58,0,0,0,0,0
0,0,0,0,0,0,0,0,108,49,0,0,0,0,0,0,0,0,0,0,0,0,0,0,0
0,0,0,0,0,0,0,0,43,22,4,1,4,11,0,12,0,0,0,0,0,0,0,0,0
0,0,0,0,0,0,0,0,0,0,1,0,7,0,0,0,27,6,6,13,4,59,0,0,0
0,0,0,0,0,0,27,42,42,70,3,11,0,55,0,0,0,0,0,0,0,0,0,0,0
0,0,0,0,0,0,0,0,5,20,14,0,0,0,0,0,0,0,14,0,21,46,0,0,0
0,0,0,0,0,0,0,0,9,0,0,0,0,10,0,6,0,53,0,0,0,5,0,0,0
0,0,0,0,0,0,13,131,84,7,11,0,0,0,0,0,0,0,0,0,0,0,0,0,0
0,0,0,0,0,0,0,0,34,3,48,19,0,22,0,0,0,2,0,0,0,0,0,0,0
0,0,0,0,0,0,0,0,13,12,0,0,12,171,116,16,39,0,0,0,0,0,0,0,0
0,0,0,0,0,0,0,0,0,47,9,24,0,17,0,0,0,0,0,0,0,0,0,0,0
0,0,0,0,0,0,0,0,0,119,48,0,0,54,0,0,0,0,0,0,0,0,0,0,0
0,0,0,0,0,0,0,0,6,0,15,20,0,0,0,23,50,0,0,0,0,6,0,0,0
0,0,0,0,0,0,0,0,19,0,0,0,0,88,0,0,0,4,0,0,0,0,0,0,0
0,0,0,0,0,0,0,0,21,0,0,0,15,34,2,0,0,2,0,0,0,0,0,0,0
0,0,0,0,0,0,0,0,13,50,39,4,0,42,0,7,0,0,0,0,0,0,0,0,0
0,0,0,0,0,0,0,0,0,2,29,21,0,0,0,0,0,0,0,0,0,0,0,0,0
0,0,0,0,0,0,0,0,36,82,7,11,4,0,3,2,0,0,0,0,0,0,0,0,0
0,0,0,0,0,0,0,0,0,5,2,10,0,0,0,1,0,0,0,0,0,0,0,0,0
0,0,0,0,0,0,0,0,3,0,0,0,0,0,0,0,0,0,0,0,0,0,0,0,0
0,0,0,0,0,0,0,0,0,0,0,0,0,0,0,0,0,0,0,0,0,0,0,0,0
0,0,0,0,0,0,0,0,10,81,1,22,0,14,6,21,15,0,0,0,0,0,0,0,0
0,0,0,0,0,0,0,0,1,0,0,0,103,134,0,0,0,0,0,0,0,2,0,0,0
0,0,0,0,0,0,0,1,0,44,98,0,0,0,0,0,0,0,0,0,0,0,0,0,0
0,0,0,0,0,0,0,0,0,17,12,8,11,81,2,7,2,0,2,0,0,0,0,0,0
0,0,0,0,0,0,1,54,10,0,0,15,0,16,6,0,16,0,0,0,0,0,0,0,0
0,0,0,0,0,0,0,0,3,76,35,0,0,0,0,0,0,0,3,0,0,0,0,0,0
0,0,0,0,0,0,0,0,63,4,6,0,0,0,0,0,0,2,0,0,0,0,0,0,0
0,0,0,0,0,0,0,0,58,58,18,5,13,5,0,1,1,2,2,0,0,0,0,0,0
0,0,0,0,0,0,0,0,39,37,22,18,0,0,0,15,0,2,0,0,0,2,0,0,0
0,0,0,0,0,0,0,0,12,0,0,2,5,13,0,0,0,0,0,0,0,0,0,0,0
0,0,0,0,0,0,0,0,10,0,0,0,12,1,20,0,10,0,0,19,0,0,0,0,0
0,0,0,0,0,35,0,0,0,0,0,0,0,0,0,0,0,0,0,0,0,0,0,0,0
0,0,0,0,0,0,0,0,3,0,0,0,0,37,36,36,55,0,0,0,0,6,0,0,0
0,0,0,0,0,0,0,0,0,70,0,12,74,80,0,0,0,0,0,0,0,0,0,0,0
0,0,0,0,0,0,0,0,2,43,0,29,42,24,0,0,0,0,0,0,0,3,0,0,0
0,0,0,0,0,0,0,118,23,0,55,0,5,0,0,0,0,0,0,0,0,0,0,0,0
0,0,0,0,0,0,0,0,8,0,0,51,54,77,5,0,0,0,0,0,0,0,0,0,0
0,0,0,0,0,0,0,0,51,76,43,4,8,8,0,0,0,21,2,3,9,0,0,0,0
0,0,0,0,0,0,0,23,12,74,0,1,0,0,0,0,0,0,0,0,0,0,0,0,0
0,0,0,0,0,0,0,0,79,23,6,0,34,6,0,3,0,0,0,0,0,0,0,0,0
0,0,0,0,0,0,0,0,10,33,10,0,8,0,44,20,2,0,0,0,8,2,0,0,0
0,0,0,0,0,0,0,0,1,0,0,0,0,0,0,0,0,0,0,0,0,0,0,0,0
0,0,0,0,0,0,0,0,8,31,0,0,0,0,0,0,5,0,0,0,0,0,0,0,0
0,0,0,0,0,0,0,0,8,0,0,0,0,0,5,6,0,0,0,0,0,8,0,0,0
0,0,0,0,0,0,81,0,54,61,19,0,0,12,0,0,11,0,0,0,0,0,0,0,0
0,0,0,0,0,0,159,52,17,18,0,24,0,0,0,0,0,0,0,0,0,0,0,0,0
0,0,0,0,0,0,0,37,5,3,0,0,0,0,7,7,0,0,1,1,0,0,0,0,0
0,0,0,0,0,0,0,0,0,72,0,0,0,0,0,0,0,0,0,0,0,0,0,0,0
0,0,0,0,0,0,0,0,0,85,65,41,10,10,6,28,17,11,25,19,0,0,0,0,0
0,0,0,0,0,0,0,0,0,0,10,0,0,0,107,3,0,29,0,0,0,25,0,0,0
0,0,0,0,0,0,4,13,51,43,39,42,7,71,17,21,93,0,0,37,58,0,0,0,0
0,11,20,54,48,61,9,13,0,0,0,0,1,21,0,28,18,23,4,104,5,13,0,0,0
0,0,0,0,0,0,0,0,61,4,0,0,0,0,0,0,0,0,0,0,0,0,0,0,0
0,0,0,0,0,0,9,0,0,3,0,25,0,0,0,0,0,0,0,0,0,0,0,0,0
0,0,0,0,0,0,21,40,15,0,0,0,0,0,0,0,0,0,0,0,0,0,0,0,0
0,0,0,0,0,0,0,0,0,0,0,0,0,0,0,0,0,0,0,0,0,0,0,0,0
0,0,0,0,0,0,21,0,9,50,0,30,0,0,0,0,0,0,0,0,0,0,0,0,0
0,0,0,0,0,0,66,3,2,0,0,11,0,0,0,0,0,0,0,0,0,0,0,0,0
0,0,0,0,0,0,0,0,38,0,15,0,7,0,0,25,0,0,0,3,0,0,0,0,0
0,0,0,0,0,0,0,0,0,0,0,0,0,0,0,0,0,0,0,0,0,0,0,0,0
0,0,0,0,0,0,0,0,12,0,0,0,0,35,53,0,0,0,0,2,8,0,0,0,0
0,0,0,0,0,0,40,115,62,62,8,21,4,0,11,0,0,0,0,0,0,1,0,0,0
0,0,0,0,0,0,0,0,31,12,6,0,0,0,0,0,0,0,0,0,0,0,0,0,0
0,0,0,0,0,0,0,0,0,34,68,0,0,0,0,0,0,0,0,0,0,0,0,0,0
0,0,0,0,0,0,30,0,29,14,8,16,10,27,7,0,0,0,0,0,0,0,0,0,0
0,0,0,0,0,0,0,0,0,60,2,0,29,0,3,0,0,0,0,0,0,0,0,0,0
0,0,0,0,0,0,3,51,0,39,39,0,23,36,25,0,3,0,0,9,13,0,0,0,0
0,0,0,0,0,0,0,0,14,0,4,12,2,7,6,4,4,0,0,0,0,0,0,0,0
0,0,0,0,0,0,7,9,0,69,51,41,27,74,2,0,0,0,0,0,0,0,0,0,0
0,0,0,0,0,0,0,0,0,0,14,48,0,0,0,0,0,0,0,0,0,0,0,0,0
0,0,0,0,0,0,126,30,27,0,0,0,0,0,0,0,0,0,0,0,0,0,0,0,0
0,0,0,0,0,0,0,0,64,6,0,0,1,0,0,0,0,0,0,0,0,0,0,0,0
0,0,0,0,0,0,0,0,0,0,3,0,0,0,0,0,0,0,0,0,0,0,0,0,0
0,0,0,0,0,0,0,62,51,35,0,0,0,0,0,0,0,0,0,0,0,0,0,0,0
0,0,0,0,0,0,0,21,108,26,0,0,0,0,0,0,0,0,0,0,0,0,0,0,0
0,0,0,0,0,0,0,6,0,0,26,3,0,0,0,0,0,0,0,0,0,0,0,0,0
0,0,0,0,0,0,0,0,0,3,2,15,26,26,0,8,0,0,0,0,0,0,0,0,0
0,0,0,0,0,0,0,0,0,9,31,44,22,36,0,0,3,0,0,0,0,0,0,0,0
0,0,0,0,0,0,0,0,16,0,0,0,0,0,0,3,0,0,14,56,12,37,0,0,0
0,0,0,0,0,0,0,0,0,18,12,10,11,16,0,13,0,52,0,0,7,0,0,0,0
0,0,0,0,0,0,0,0,18,0,0,0,0,0,0,0,203,0,0,0,0,0,0,0,0
0,0,0,0,0,0,19,29,9,7,0,0,0,0,0,6,0,0,0,0,0,0,0,0,0
0,0,0,0,0,0,57,0,0,0,0,0,62,112,0,0,0,0,0,0,0,0,0,0,0
0,0,0,0,0,0,0,0,0,0,40,0,0,0,0,0,0,0,0,0,0,0,0,0,0
0,0,0,0,0,0,0,0,4,0,66,33,22,16,3,13,48,5,0,0,0,0,0,0,0
0,0,0,0,0,0,1,11,0,0,64,39,14,64,3,0,2,0,0,0,0,0,0,0,0
0,0,0,0,0,0,0,17,15,1,0,0,0,0,0,0,0,0,32,0,0,0,0,0,0
0,0,0,0,0,0,0,0,13,57,0,28,27,15,0,0,36,32,61,0,0,2,0,0,0
0,0,0,0,0,0,0,0,3,0,9,117,30,81,0,0,7,0,0,0,0,2,0,0,0
0,0,0,0,0,0,0,97,0,0,2,0,0,0,0,0,0,0,0,0,0,0,0,0,0
0,0,0,0,0,0,0,0,5,2,15,23,53,233,9,0,3,0,0,0,0,0,0,0,0
0,0,0,0,0,0,2,0,0,0,0,0,0,0,0,0,0,0,0,0,0,0,0,0,0
0,0,0,0,0,0,0,0,34,27,0,0,31,52,2,4,0,0,0,0,0,0,0,0,0
0,0,0,0,0,0,0,0,62,81,19,24,8,8,7,0,0,2,0,0,0,0,0,0,0
0,0,0,0,0,0,32,28,0,22,7,7,32,119,0,7,0,0,0,0,0,0,0,0,0
0,0,0,0,0,0,75,8,41,13,0,10,0,0,22,3,8,0,0,0,0,0,0,0,0
0,0,0,0,0,0,0,0,1,0,22,0,193,238,26,18,2,24,10,14,0,0,0,0,0
0,0,0,0,0,0,0,0,0,56,17,0,0,0,0,0,0,0,0,0,0,0,0,0,0
0,0,0,0,0,0,0,0,8,0,68,14,0,0,0,0,0,0,0,0,0,0,0,0,0
0,0,0,0,0,0,0,42,52,5,3,0,0,0,0,0,0,0,0,0,0,0,0,0,0
0,0,0,0,0,0,111,76,83,80,40,59,16,0,0,0,2,0,0,0,0,0,0,0,0
0,0,0,0,0,0,29,21,48,68,37,3,4,26,0,0,0,0,0,0,0,0,0,0,0
0,0,0,0,0,0,0,0,0,23,0,4,0,0,0,0,0,0,0,0,0,0,0,0,0
0,0,0,0,0,0,0,0,2,0,0,0,6,118,18,0,0,2,0,0,0,0,0,0,0
0,0,0,0,0,0,0,0,0,0,0,0,20,274,0,5,0,5,0,0,0,0,0,0,0
0,0,0,0,0,0,124,50,0,0,0,0,0,0,0,0,0,0,0,0,0,0,0,0,0
0,0,0,0,0,0,0,0,58,0,0,32,73,155,5,0,3,0,0,0,0,0,0,0,0
0,0,0,0,0,0,0,0,0,67,64,19,25,40,0,0,0,0,0,0,6,0,0,0,0
0,0,0,0,0,0,0,0,8,2,8,13,16,8,0,0,0,0,0,0,0,0,0,0,0
0,0,0,0,0,0,65,120,33,0,0,0,0,17,0,0,0,0,0,0,0,0,0,0,0
0,0,0,0,0,0,53,5,25,2,0,0,0,0,3,0,0,0,0,0,0,0,0,0,0
0,0,0,0,0,0,0,0,26,8,10,0,0,38,0,0,2,0,0,0,0,0,0,0,0
0,0,0,0,0,0,0,0,28,0,59,43,5,0,0,6,0,0,0,0,0,0,0,0,0
0,0,0,0,0,0,32,37,56,35,25,30,26,58,22,5,2,5,0,0,0,0,0,0,0
0,0,0,0,0,0,54,51,97,24,0,0,0,0,0,0,0,0,0,0,0,0,0,0,0
0,0,0,0,0,0,5,0,48,134,0,0,0,6,0,0,0,0,0,0,4,0,0,0,0
0,0,0,0,0,0,0,0,12,0,0,0,97,73,0,0,63,10,0,0,0,0,0,0,0
0,0,0,0,0,0,0,0,25,105,2,0,0,0,0,0,0,0,0,0,0,0,0,0,0
0,0,0,0,0,0,0,0,26,2,0,59,22,36,7,0,0,0,0,0,0,0,0,0,0
0,0,0,0,0,0,15,37,0,44,12,0,0,0,0,0,0,0,0,0,0,0,0,0,0
0,0,0,0,0,0,0,7,50,12,0,0,19,42,0,0,0,0,0,0,0,0,0,0,0
0,0,0,0,0,0,11,124,26,0,0,2,0,0,0,0,0,0,0,0,0,0,0,0,0
0,0,0,0,0,0,0,0,9,2,47,11,32,56,0,0,0,2,0,0,0,0,0,0,0
0,0,0,0,0,0,0,71,12,0,0,0,0,0,0,0,19,0,0,0,0,0,0,0,0
0,0,0,0,0,0,0,0,0,0,102,236,0,0,0,0,0,0,0,0,0,0,0,0,0
0,0,0,0,0,0,0,0,3,0,0,62,15,0,0,4,0,0,0,0,0,0,0,0,0
0,0,0,0,0,0,0,0,23,69,44,0,13,0,0,0,0,2,0,0,0,0,0,0,0
0,0,0,0,0,0,0,0,16,2,35,0,0,0,0,0,1,0,0,0,0,0,0,0,0
0,0,0,0,0,0,0,0,48,47,77,25,0,0,0,0,0,0,0,0,0,0,0,0,0
0,0,0,0,0,0,0,0,29,36,2,10,0,0,0,0,0,0,0,0,0,2,0,0,0
0,0,0,0,0,0,0,73,54,20,7,11,28,30,7,0,0,0,0,0,0,0,0,0,0
0,0,0,0,0,0,0,0,0,3,32,0,0,0,1,0,0,35,0,0,0,2,0,0,0
0,0,0,0,0,0,0,0,0,1,0,0,8,58,34,0,0,3,0,0,0,0,0,0,0
0,0,0,0,0,0,0,0,9,0,24,0,20,4,0,0,0,0,0,0,0,0,0,0,0
0,0,0,0,0,0,0,0,0,20,13,0,6,164,0,0,0,2,0,0,0,0,0,0,0
0,0,0,0,0,0,0,15,25,8,0,0,0,0,0,0,0,0,0,0,0,0,0,0,0
0,0,0,0,0,0,8,0,0,48,0,0,0,0,0,0,0,0,0,0,0,0,0,0,0
0,0,0,0,0,0,0,0,3,91,22,10,9,9,0,0,0,0,0,0,0,0,0,0,0
0,0,0,0,0,0,0,0,0,10,0,0,0,121,0,0,0,0,0,0,0,0,0,0,0
0,0,0,0,0,0,28,32,71,0,0,0,0,49,0,0,0,0,0,0,0,0,0,0,0
0,0,0,0,0,0,15,0,52,21,0,0,0,0,0,0,0,0,0,0,0,0,0,0,0
0,0,0,0,0,0,0,0,0,38,0,8,0,0,0,0,68,73,28,0,0,0,0,0,0
0,0,0,0,0,0,0,0,0,40,0,0,0,0,0,0,0,0,0,0,0,0,0,0,0
0,0,0,0,0,0,0,8,10,14,7,0,0,0,0,0,0,0,0,0,0,0,0,0,0
0,0,0,0,0,0,0,0,6,0,0,17,79,62,0,0,0,0,0,0,1,0,0,0,0
0,0,0,0,0,0,204,73,0,0,0,1,0,0,0,0,0,0,0,0,0,0,0,0,0
0,0,0,0,0,0,0,9,64,0,37,0,0,4,2,0,0,0,0,0,0,0,0,0,0
0,0,0,0,0,0,0,0,36,31,32,15,36,31,2,7,0,0,0,0,2,0,0,0,0
0,0,0,0,0,0,55,26,13,13,6,0,0,0,0,0,0,0,0,0,0,0,0,0,0
0,0,0,0,0,0,0,66,62,43,10,13,0,29,0,0,0,0,0,0,0,0,0,0,0
0,0,0,0,0,0,0,0,169,0,54,151,82,469,17,0,17,1,0,0,2,0,0,0,0
0,0,0,0,0,0,0,0,3,0,14,0,128,139,0,0,0,0,0,0,0,0,0,0,0
0,0,0,0,0,0,0,0,26,0,35,37,0,0,0,0,0,0,0,0,0,0,0,0,0
0,0,0,0,0,0,0,81,91,146,94,201,19,26,0,0,0,0,0,0,0,0,0,0,0
0,0,0,0,0,0,0,0,140,91,37,0,0,0,0,6,0,0,0,0,0,0,0,0,0
0,0,0,0,0,0,0,0,0,28,37,48,5,11,73,0,0,0,0,0,0,0,0,0,0
0,0,0,0,0,0,0,0,1,0,0,155,0,28,0,2,0,0,0,0,0,0,0,0,0
0,0,0,0,0,0,0,0,0,7,0,0,0,0,0,15,0,0,0,0,0,0,0,0,0
0,0,0,0,0,0,0,0,0,19,19,20,8,4,0,0,0,0,0,0,0,0,0,0,0
0,0,0,0,0,0,0,0,17,104,44,47,0,0,0,4,0,0,0,0,0,0,0,0,0
0,0,0,0,0,0,0,0,13,24,20,14,6,39,25,25,6,0,0,0,0,0,0,0,0
0,0,0,0,0,0,0,0,0,0,16,0,19,75,16,0,0,0,0,0,0,0,0,0,0
0,0,0,0,0,0,0,0,0,0,83,0,0,0,2,0,0,0,0,0,0,0,0,0,0
0,0,0,0,0,0,0,0,35,21,33,10,8,10,0,0,0,0,0,4,0,0,0,0,0
0,0,0,0,0,0,0,0,0,0,44,58,0,0,0,0,0,0,0,0,0,0,0,0,0
0,0,0,0,0,0,0,27,19,0,9,0,0,0,0,0,4,67,3,0,0,0,0,0,0
0,0,0,0,0,0,5,35,63,75,0,19,18,22,0,0,0,0,0,0,0,0,0,0,0
0,0,0,0,0,0,0,0,197,123,69,0,0,0,0,0,0,0,0,0,0,0,0,0,0
0,0,0,0,0,0,0,0,2,29,28,0,10,10,0,0,0,0,0,0,0,0,0,0,0
0,0,0,0,0,0,0,0,0,0,0,26,0,150,139,57,48,24,1,6,0,0,0,0,0
0,0,0,0,0,0,0,0,40,47,34,0,0,0,0,0,0,0,0,0,0,0,0,0,0
0,0,0,0,0,0,0,0,0,131,0,17,23,13,0,0,0,0,0,0,0,2,0,0,0
0,0,0,0,0,0,0,0,0,26,32,0,0,0,0,0,0,0,0,0,0,0,0,0,0
0,0,0,0,0,0,0,15,0,0,0,0,0,0,0,0,0,0,0,0,0,0,0,0,0
0,0,0,0,0,0,0,0,10,27,0,0,37,19,0,0,0,0,0,0,0,0,0,0,0
0,0,0,0,0,0,0,0,154,45,30,20,1,21,0,0,0,0,0,0,0,0,0,0,0
0,0,0,0,0,0,0,0,105,219,91,54,24,77,43,54,74,131,0,0,0,8,0,0,0
0,0,0,0,0,0,0,0,34,39,118,0,0,0,0,0,0,0,0,0,0,0,0,0,0
0,0,0,0,0,0,0,0,0,156,38,0,0,2,0,0,0,0,0,0,0,0,0,0,0
0,0,0,0,0,0,0,0,0,0,19,66,28,114,6,0,0,2,0,0,0,0,0,0,0
0,0,0,0,0,0,0,0,36,17,0,32,113,182,55,0,0,2,0,0,0,0,0,0,0
0,0,0,0,0,0,0,0,0,0,13,3,0,6,0,25,53,0,0,4,0,0,0,0,0
0,0,0,0,0,0,13,55,0,0,36,0,0,0,0,0,0,0,0,0,0,0,0,0,0
0,0,0,0,0,0,0,25,53,10,37,5,23,28,15,0,0,0,0,0,0,0,0,0,0
0,0,0,0,0,0,0,0,0,0,0,0,4,0,0,55,6,0,0,0,0,0,0,0,0
0,0,0,0,0,0,0,0,77,7,49,46,117,111,7,7,0,2,0,0,4,0,0,0,0
0,0,0,0,0,0,0,0,1,0,0,15,95,10,12,0,0,2,0,0,0,0,0,0,0
0,0,0,0,0,0,9,24,48,19,37,0,7,36,11,0,0,0,0,0,0,0,0,0,0
0,0,0,0,0,0,0,3,0,0,0,0,0,0,0,0,12,0,2,12,5,0,0,0,0
0,0,0,0,0,0,0,47,71,9,3,0,13,13,0,0,0,0,0,0,0,0,0,0,0
0,0,0,0,0,0,0,0,45,0,1,4,9,9,0,0,0,0,0,0,0,13,0,0,0
0,0,0,0,0,0,0,7,0,11,0,0,3,36,8,0,0,0,0,0,0,0,0,0,0
0,0,0,0,0,0,84,61,6,0,0,0,0,0,0,0,0,0,0,0,0,0,0,0,0
0,0,0,0,0,0,1,0,0,0,0,0,0,0,0,0,0,0,0,0,0,0,0,0,0
0,0,0,0,0,0,15,51,0,7,3,0,0,4,0,0,0,0,0,0,0,0,0,0,0
0,0,0,0,0,0,0,0,40,34,0,0,0,12,71,0,2,0,0,0,0,0,0,0,0
0,0,0,0,0,0,0,0,37,37,0,0,0,0,0,0,0,0,0,0,0,0,0,0,0
0,0,0,0,0,0,0,0,0,9,23,48,32,210,14,9,6,10,15,4,0,0,0,0,0
0,0,0,0,0,0,0,0,0,24,19,0,0,0,0,0,0,0,0,0,0,0,0,0,0
0,0,0,0,0,0,9,26,51,153,73,5,2,2,0,0,0,0,0,0,0,0,0,0,0
0,0,0,0,0,0,0,0,20,0,13,21,88,48,10,3,0,2,0,0,0,0,0,0,0
0,0,0,0,0,0,46,29,16,4,2,3,0,20,0,0,0,0,0,0,0,0,0,0,0
0,0,0,0,0,0,0,6,86,25,6,0,0,0,0,0,0,0,0,0,0,0,0,0,0
0,0,0,0,0,0,0,0,0,0,0,0,0,0,0,0,0,0,0,0,0,0,0,0,0
0,0,0,0,0,0,0,0,5,0,21,43,0,0,0,0,0,0,0,14,0,2,0,0,0
0,0,0,0,0,0,0,0,94,20,13,0,5,8,0,0,0,0,0,0,0,6,0,0,0
0,0,0,0,0,0,0,0,55,2,0,0,0,0,0,0,4,0,0,0,0,0,0,0,0
0,0,0,0,0,0,3,7,7,23,75,3,23,36,12,8,33,0,54,0,0,0,0,0,0
0,0,0,0,0,0,0,0,43,26,36,0,0,0,0,35,1,0,0,0,0,0,0,0,0
0,0,0,0,0,412,46,0,0,0,0,0,0,0,0,0,0,0,0,0,0,0,0,0,0
0,0,0,0,0,0,0,20,27,3,0,2,0,0,49,0,0,0,0,0,0,0,0,0,0
0,0,0,0,0,0,0,0,437,0,0,0,0,0,0,0,0,0,0,0,0,0,0,0,0
0,0,0,0,0,0,0,30,0,0,22,0,0,0,0,0,0,0,0,0,0,0,0,0,0
0,0,0,0,0,0,0,0,0,0,4,0,0,0,0,0,0,24,5,0,0,0,0,0,0
0,0,0,0,0,12,0,0,0,0,0,0,0,0,0,0,0,0,0,0,0,0,0,0,0
0,0,0,0,0,0,0,0,50,61,41,0,0,0,0,0,0,0,0,0,0,0,0,0,0
0,0,0,0,0,0,0,0,19,0,20,27,6,159,0,0,0,0,0,0,0,0,0,0,0
0,0,0,0,0,0,0,0,14,62,4,18,68,126,30,4,0,0,0,6,0,0,0,0,0
0,0,0,0,0,0,0,0,0,14,2,13,4,0,0,0,0,4,0,0,0,0,0,0,0
0,0,0,0,0,0,0,0,150,121,0,0,9,54,0,5,0,0,0,0,0,0,0,0,0
0,0,0,0,0,0,0,0,0,46,0,4,8,18,0,1,0,33,0,0,0,0,0,0,0
0,0,0,0,0,0,0,63,236,157,35,0,0,24,0,0,0,0,0,0,0,0,0,0,0
0,0,0,0,0,0,0,0,28,15,4,24,5,5,19,0,0,0,2,3,4,0,0,0,0
0,0,0,0,0,0,11,0,36,0,0,0,0,0,0,0,0,0,0,0,0,0,0,0,0
0,0,0,0,0,0,0,0,26,23,24,17,20,39,0,0,0,0,0,0,0,9,0,0,0
0,0,0,0,0,0,0,0,8,85,15,20,0,0,0,3,8,6,4,0,0,0,0,0,0
0,0,0,0,0,0,0,0,0,0,9,0,0,48,6,8,7,14,0,0,0,2,0,0,0
0,0,0,0,0,0,0,0,0,6,0,0,13,0,0,0,0,0,0,0,0,0,0,0,0
0,0,0,0,0,0,0,0,0,0,21,48,3,38,0,1,0,2,0,0,1,7,0,0,0
0,0,0,0,0,0,0,0,171,100,0,0,0,0,0,0,0,0,0,0,0,0,0,0,0
0,0,0,0,0,0,0,0,0,0,4,2,0,0,0,2,0,0,0,0,0,0,0,0,0
0,0,0,0,0,0,0,0,20,0,0,0,26,121,12,0,0,2,0,0,0,0,0,0,0
0,0,0,0,0,0,0,0,20,0,13,0,78,97,0,0,0,0,0,0,0,0,0,0,0
0,0,0,0,0,0,20,17,12,21,13,0,27,67,61,0,0,0,0,0,0,0,0,0,0
0,0,0,0,0,0,0,0,11,79,23,0,0,6,0,29,0,0,0,0,0,0,0,0,0
0,0,0,0,0,0,0,0,0,0,0,0,0,0,1,0,0,0,0,0,0,0,0,0,0
0,0,0,0,0,0,0,0,0,0,0,15,53,46,9,0,0,4,0,0,0,0,0,0,0
0,0,0,0,0,0,18,11,32,22,54,2,1,9,0,0,0,0,0,0,0,0,0,0,0
0,0,0,0,0,0,0,7,0,20,0,23,5,8,0,0,0,0,0,0,0,0,0,0,0
0,0,0,0,0,0,0,0,4,83,3,0,10,0,0,3,0,0,0,0,0,0,0,0,0
0,0,0,0,0,0,0,0,9,25,157,2,1,0,0,0,2,0,0,0,0,5,0,0,0
0,0,0,0,0,0,0,0,0,0,3,0,0,21,0,0,0,5,0,0,0,0,0,0,0
0,0,0,0,0,0,0,0,31,0,0,0,0,0,0,0,0,0,8,32,4,83,0,0,0
0,0,0,0,0,0,0,0,51,27,3,13,10,7,0,4,0,0,0,0,0,0,0,0,0
0,0,0,0,0,0,0,0,11,12,1,128,40,36,17,9,0,6,0,0,2,0,0,0,0
0,0,0,0,0,0,0,0,4,0,0,0,67,174,0,0,4,0,0,0,0,0,0,0,0
0,0,0,0,0,0,0,0,3,35,5,6,32,27,0,0,0,4,0,0,0,0,0,0,0
0,0,0,0,0,215,105,0,0,0,0,0,0,0,0,0,0,0,0,0,0,0,0,0,0
0,0,0,0,0,0,0,0,9,0,0,433,126,138,6,4,5,0,0,0,0,0,0,0,0
0,0,0,0,0,0,0,243,114,1,3,0,0,0,0,0,0,0,0,0,0,0,0,0,0
0,0,0,0,0,0,0,0,87,112,19,0,33,8,0,0,0,2,0,0,0,0,0,0,0
0,0,0,0,0,0,0,9,19,0,93,0,2,18,0,0,0,0,0,0,0,0,0,0,0
0,0,0,0,0,0,0,0,1,14,50,32,27,3,0,0,0,0,0,0,0,0,0,0,0
0,0,0,0,0,0,14,0,0,0,0,4,13,52,0,0,0,0,0,0,0,0,0,0,0
0,0,0,99,46,72,0,2,0,0,0,0,0,0,0,0,0,0,0,0,0,0,0,0,0
0,0,0,0,0,0,0,0,0,0,0,0,0,0,0,0,0,0,27,0,0,0,0,0,0
0,0,0,0,0,0,0,0,0,5,26,12,1,0,0,0,0,0,0,0,0,1,0,0,0
0,0,0,0,0,0,0,0,16,12,1,0,0,0,0,0,0,0,0,0,0,0,0,0,0
0,0,0,0,0,0,0,0,0,0,0,9,0,0,7,98,0,0,0,0,0,0,0,0,0
0,0,0,0,0,0,0,0,12,71,108,92,11,14,14,25,3,0,0,2,3,0,0,0,0
0,0,0,0,0,0,28,74,79,21,41,16,37,23,0,2,0,3,0,0,0,0,0,0,0
0,0,0,0,0,0,42,127,23,14,0,0,0,0,0,0,0,0,0,0,0,0,0,0,0
0,0,0,0,0,0,0,0,15,0,0,0,0,0,0,0,0,0,52,1,0,34,0,0,0
0,0,0,0,0,0,0,0,0,0,0,0,23,196,0,0,0,0,0,0,0,0,0,0,0
0,0,0,0,0,0,0,11,0,0,0,26,20,0,0,0,0,0,0,0,0,0,0,0,0
0,0,0,0,0,0,0,0,205,6,0,0,0,0,0,15,0,2,0,0,0,0,0,0,0
0,0,0,0,0,0,0,82,188,71,8,0,5,0,0,0,2,0,0,0,0,0,0,0,0
0,0,0,0,0,0,0,11,3,20,56,0,0,0,0,0,0,0,0,0,0,0,0,0,0
0,0,0,0,0,0,0,0,0,18,0,14,0,42,0,0,66,39,0,0,0,6,0,0,0
0,0,0,0,0,0,0,40,31,44,28,0,0,0,0,0,0,0,0,0,0,0,0,0,0
0,0,0,0,0,0,16,37,63,3,0,0,0,1,0,0,0,0,0,0,0,0,0,0,0
0,0,0,0,0,0,106,115,136,48,32,26,3,18,0,0,0,0,0,0,0,0,0,0,0
0,0,0,0,0,0,0,0,44,36,33,95,97,110,0,3,0,2,0,0,0,0,0,0,0
0,0,0,0,0,0,0,0,0,6,0,0,0,0,0,0,0,0,0,41,47,22,0,0,0
0,0,0,0,0,0,0,0,0,0,0,0,0,0,173,0,0,0,0,0,0,0,0,0,0
0,0,0,0,0,0,0,0,69,6,3,0,0,0,9,0,0,0,0,0,0,0,0,0,0
0,0,0,0,0,0,0,0,40,18,3,20,9,17,5,3,0,0,0,0,0,0,0,0,0
0,0,0,0,0,0,0,0,235,97,97,13,0,19,0,0,0,0,0,0,0,0,0,0,0
0,0,0,0,0,0,3,0,0,0,0,0,0,0,0,0,0,0,0,0,0,0,0,0,0
0,0,0,0,0,0,0,0,0,24,41,8,0,61,32,7,0,0,0,0,0,0,0,0,0
0,0,0,0,0,0,0,0,0,11,15,34,50,54,0,0,0,0,23,0,0,3,0,0,0
0,0,0,0,0,0,0,0,0,18,52,11,0,0,0,0,0,0,0,0,0,0,0,0,0
0,0,0,0,0,0,0,2,0,0,0,0,0,0,0,0,32,0,0,75,0,0,0,0,0
0,0,0,0,0,0,0,0,0,0,0,0,74,82,70,44,0,0,0,0,2,0,0,0,0
0,0,0,0,0,0,0,20,34,18,1,20,6,6,0,1,0,0,0,0,0,0,0,0,0
0,0,0,0,0,0,0,0,39,53,4,0,0,0,0,0,0,0,0,0,0,0,0,0,0
0,0,0,0,0,0,0,0,0,57,24,0,0,0,0,0,0,0,0,0,0,0,0,0,0
0,0,0,0,0,0,0,131,1,20,0,7,0,0,0,0,0,0,0,0,0,0,0,0,0
0,0,0,0,0,0,0,0,23,5,9,9,5,11,1,0,0,96,0,0,0,10,0,0,0
0,0,0,0,0,0,120,37,0,4,0,0,0,0,0,0,0,0,0,0,0,0,0,0,0
0,0,0,0,0,0,127,76,76,10,146,36,18,9,0,0,0,0,0,0,0,0,0,0,0
0,0,0,0,0,0,0,44,0,0,0,39,20,66,47,0,6,65,0,0,0,0,0,0,0
0,0,0,0,0,117,49,90,0,25,25,25,91,9,5,0,0,0,0,0,0,0,0,0,0
0,0,0,0,0,0,0,9,55,68,38,18,16,2,0,0,0,0,0,0,0,0,0,0,0
0,0,0,0,0,0,0,0,57,46,11,27,5,5,0,0,0,5,0,12,5,0,0,0,0
0,0,0,0,0,0,0,28,0,52,9,7,19,63,1,0,0,0,0,0,0,0,0,0,0
0,0,0,0,0,0,16,30,11,3,7,12,9,9,21,0,0,0,0,0,0,0,0,0,0
0,0,0,0,0,0,0,0,0,57,0,0,0,0,0,0,3,4,0,7,0,0,0,0,0
0,0,0,0,0,0,0,0,5,68,22,0,0,0,0,2,1,0,0,0,0,0,0,0,0
0,0,0,0,0,0,0,0,0,0,0,0,0,0,0,0,24,0,0,2,0,0,0,0,0
0,0,0,0,0,0,0,0,10,95,20,0,0,10,0,2,0,0,0,0,0,0,0,0,0
0,0,0,0,0,0,0,33,27,6,5,0,0,0,0,0,0,0,0,0,0,0,0,0,0
0,0,0,0,0,0,10,0,0,40,3,5,0,0,0,0,0,0,0,0,0,0,0,0,0
0,0,0,0,0,0,0,0,8,149,89,48,0,6,0,0,0,0,0,0,0,0,0,0,0
0,0,0,0,0,0,0,0,13,88,50,50,79,64,110,0,0,0,0,0,0,0,0,0,0
0,0,0,0,0,0,0,0,17,121,28,60,0,0,0,0,0,0,0,0,0,0,0,0,0
0,0,0,0,0,0,0,0,0,0,90,39,5,41,0,2,0,0,0,0,0,0,0,0,0
0,0,0,0,0,0,0,0,0,0,0,0,0,0,0,0,0,0,0,0,0,0,0,0,0
0,0,0,0,0,0,0,0,0,0,18,0,30,6,36,3,24,2,0,2,0,0,0,0,0
0,0,0,0,0,0,0,0,20,237,28,0,0,12,0,0,0,0,0,0,0,0,0,0,0
0,0,0,0,0,0,0,0,0,0,0,139,17,17,5,0,0,0,0,2,0,0,0,0,0
0,0,0,0,0,0,0,0,1,0,64,0,24,46,4,0,0,0,0,0,0,3,0,0,0
0,0,0,0,0,0,0,0,0,183,8,0,0,0,0,0,0,0,0,0,0,1,0,0,0
0,0,0,0,0,0,8,0,5,67,0,0,36,34,13,15,0,2,0,0,2,0,0,0,0
0,0,0,0,0,0,23,50,21,14,5,16,71,72,0,0,0,0,0,0,0,0,0,0,0
0,0,0,0,0,0,0,53,62,53,16,51,73,162,0,0,0,0,0,0,0,0,0,0,0
0,0,34,0,5,0,0,0,2,0,0,1,0,0,0,0,0,0,0,0,0,0,0,0,0
0,0,0,0,0,0,0,0,34,39,9,44,18,67,8,0,0,0,0,3,0,0,0,0,0
0,0,0,0,0,0,0,0,0,0,29,35,94,102,10,2,2,0,0,0,0,0,0,0,0
0,0,0,0,0,0,0,35,68,0,30,0,0,0,0,0,0,0,0,0,0,0,0,0,0
0,0,0,0,0,0,0,48,38,114,75,18,7,51,9,2,0,0,0,0,0,0,0,0,0
0,0,0,0,0,0,0,0,37,101,131,15,82,145,16,0,5,0,1,0,25,5,0,0,0
0,0,0,0,0,0,28,102,0,38,4,0,0,0,0,0,0,0,0,0,0,0,0,0,0
0,0,0,0,0,0,88,54,0,4,0,0,15,15,0,0,0,0,0,0,0,0,0,0,0
0,0,0,0,0,0,30,43,3,9,0,0,0,0,0,0,0,0,0,0,0,0,0,0,0
0,0,0,0,0,0,3,80,139,96,2,23,0,0,0,0,0,0,0,0,0,0,0,0,0
0,0,0,0,0,0,0,0,15,11,4,10,27,43,0,1,0,0,0,0,0,0,0,0,0
0,0,0,0,0,0,0,0,0,6,57,0,0,0,0,0,0,0,0,0,0,0,0,0,0
0,0,0,0,0,0,0,0,0,10,52,15,25,36,53,79,72,3,0,0,0,0,0,0,0
0,0,0,0,0,0,0,0,98,196,19,0,0,0,6,0,5,0,0,0,0,0,0,0,0
0,0,0,0,0,0,0,0,0,0,9,0,0,0,0,0,0,0,57,58,0,0,0,0,0
0,0,0,0,0,0,0,0,0,0,0,70,120,0,0,0,0,0,0,0,0,0,0,0,0
0,0,0,0,0,0,0,0,0,0,23,23,43,34,0,0,0,2,0,0,0,0,0,0,0
0,0,0,0,0,0,0,0,0,33,26,0,12,3,0,3,0,0,0,0,0,0,0,0,0
0,0,0,0,0,0,0,0,5,2,49,16,3,0,0,0,0,2,0,0,0,0,0,0,0
0,0,0,0,0,0,0,0,4,0,50,0,0,7,0,0,0,0,0,0,0,0,0,0,0
0,0,0,0,0,0,0,0,0,6,4,14,0,0,3,10,2,5,4,0,0,0,0,0,0
0,0,0,0,0,0,0,0,0,13,3,7,6,62,66,76,2,0,0,0,0,4,0,0,0
0,0,0,0,0,0,8,0,46,46,0,0,0,0,0,0,0,0,0,0,0,0,0,0,0
0,0,0,0,0,0,0,45,0,20,0,0,0,0,0,0,0,0,0,0,0,0,0,0,0
0,0,0,0,0,0,25,50,3,0,0,0,0,0,0,0,0,0,0,0,0,0,0,0,0
0,0,0,0,0,0,32,0,0,17,0,0,29,68,0,0,0,0,0,0,0,0,0,0,0
0,17,28,0,0,0,6,0,0,0,0,0,0,0,0,0,0,0,0,0,0,0,0,0,0
0,0,0,0,0,0,0,0,23,0,0,0,2,2,35,0,0,0,0,0,0,0,0,0,0
0,0,0,0,0,0,0,0,4,85,45,9,11,15,29,6,0,0,0,0,0,0,0,0,0
0,0,0,0,0,0,0,0,9,15,27,13,27,87,4,12,40,30,45,30,54,2,0,0,0
0,0,0,0,0,0,0,26,20,0,0,11,30,82,0,0,0,0,0,0,0,0,0,0,0
0,0,0,0,0,0,0,0,0,103,18,46,4,6,0,0,0,0,0,0,0,0,0,0,0
0,0,0,0,0,0,0,256,27,39,17,0,2,33,20,1,0,0,0,0,0,0,0,0,0
0,0,0,0,0,0,0,0,30,51,0,0,0,0,43,0,0,0,0,0,0,0,0,0,0
0,0,0,0,0,0,0,0,0,2,73,0,0,0,0,0,0,0,0,0,0,0,0,0,0
0,0,0,0,0,0,0,0,0,97,68,19,0,0,5,0,0,0,0,0,0,0,0,0,0
0,0,0,0,0,0,0,0,69,100,47,53,54,26,0,0,0,0,0,0,0,0,0,0,0
0,0,0,0,0,0,0,0,0,0,0,0,0,0,0,0,23,0,0,0,0,0,0,0,0
0,0,0,0,0,0,0,75,30,0,0,0,0,0,0,0,0,0,0,0,0,0,0,0,0
0,0,0,0,0,0,0,0,3,52,16,0,0,0,0,0,0,0,0,2,0,0,0,0,0
0,0,0,0,0,0,0,0,3,43,2,0,52,92,29,17,80,23,30,31,31,13,0,0,0
0,0,0,0,0,0,34,27,53,90,11,31,38,68,0,3,0,0,0,0,0,0,0,0,0
0,0,0,0,0,0,0,0,0,0,0,6,55,123,0,0,2,0,0,0,0,0,0,0,0
0,0,0,0,0,0,0,20,14,0,0,0,0,0,0,0,0,49,81,0,0,0,0,0,0
0,0,0,0,0,0,9,0,10,38,36,106,0,4,0,0,0,0,0,0,0,0,0,0,0
0,0,0,0,0,0,36,135,100,0,0,0,0,0,0,0,0,0,0,0,0,0,0,0,0
0,0,0,0,0,0,0,0,3,26,0,24,0,6,6,32,0,0,0,2,0,0,0,0,0
0,0,0,0,0,0,0,0,0,0,0,0,0,0,0,0,0,0,0,0,0,0,0,0,0
0,0,0,0,0,0,0,0,18,46,24,0,0,0,0,4,0,0,0,0,0,0,0,0,0
0,0,0,0,0,0,0,0,0,35,5,0,0,0,50,26,0,0,0,0,0,0,0,0,0
0,0,0,0,0,0,84,82,79,0,5,0,0,0,0,0,0,0,0,0,0,0,0,0,0
0,0,0,0,0,0,0,0,32,0,0,40,39,39,38,0,0,0,0,0,0,0,0,0,0
0,0,0,0,0,0,0,0,123,0,72,31,0,0,0,0,0,2,0,0,0,0,0,0,0
0,0,0,0,0,0,0,0,0,212,0,0,0,0,0,0,0,0,0,0,0,0,0,0,0
0,0,0,0,0,0,0,0,63,47,39,9,36,58,35,0,13,6,1,0,3,0,0,0,0
0,0,0,0,0,0,0,8,38,71,37,0,0,0,0,0,0,0,0,0,0,0,0,0,0
0,30,175,134,350,269,450,193,263,58,72,11,13,54,13,15,12,8,4,9,0,22,0,0,0
0,0,0,0,0,0,0,0,0,0,0,0,0,27,13,0,0,25,0,0,0,0,0,0,0
0,0,0,0,0,0,0,0,61,0,0,0,0,0,0,0,0,0,0,0,53,0,0,0,0
0,0,0,0,0,0,0,0,11,93,38,20,5,17,0,0,2,0,0,0,0,0,0,0,0
0,0,0,0,0,0,0,53,20,40,59,10,0,0,3,0,0,0,0,0,0,0,0,0,0
0,0,0,0,0,0,0,0,0,0,12,33,11,11,0,29,0,0,0,0,16,0,0,0,0
0,0,0,0,0,0,28,19,84,19,14,0,0,0,0,0,0,0,0,0,0,0,0,0,0
0,0,0,0,0,0,0,0,46,120,36,0,5,0,0,0,0,0,0,0,0,0,0,0,0
0,0,0,0,0,0,0,11,0,0,18,0,7,38,2,0,0,0,0,0,0,0,0,0,0
0,0,0,0,0,0,0,44,98,22,19,0,4,16,0,0,0,0,0,0,0,0,0,0,0
0,0,0,0,0,0,0,0,0,0,0,0,0,0,0,0,15,0,0,0,0,0,0,0,0
0,0,0,0,0,0,0,0,0,59,44,10,3,15,0,3,0,0,0,2,0,0,0,0,0
0,0,0,0,0,0,0,0,13,0,93,68,44,0,0,0,0,0,0,0,0,0,0,0,0
0,0,0,0,0,0,0,11,0,37,43,6,32,10,0,0,2,0,8,0,0,0,0,0,0
0,0,0,0,0,0,0,0,3,46,10,19,8,6,0,0,2,0,0,0,0,0,0,0,0
0,0,0,0,0,0,115,0,3,0,0,0,0,0,0,0,0,157,0,0,0,0,0,0,0
0,0,0,0,0,0,3,0,0,0,0,0,0,0,0,0,0,0,0,0,0,0,0,0,0
0,0,0,0,0,0,0,0,51,70,3,11,9,12,0,0,0,0,0,0,0,0,0,0,0
0,0,0,0,0,0,0,0,133,14,6,0,7,16,3,0,0,4,0,0,0,0,0,0,0
0,0,0,0,0,0,0,0,2,42,13,0,0,0,0,0,0,0,3,21,7,0,0,0,0
0,0,0,0,0,0,71,85,19,0,0,0,0,20,4,0,0,0,0,0,0,0,0,0,0
0,0,0,0,0,0,0,0,28,0,13,1,16,14,20,12,0,0,56,13,23,53,0,0,0
0,0,0,0,0,0,0,0,0,103,41,3,34,66,0,0,0,0,14,0,0,0,0,0,0
0,0,0,0,0,0,0,0,75,46,62,24,18,34,1,0,0,0,0,0,17,5,0,0,0
0,0,0,0,0,0,0,0,3,92,74,48,8,0,0,0,0,0,0,0,0,0,0,0,0
0,0,0,0,0,0,3,0,4,0,21,118,10,3,0,0,0,0,0,0,0,0,0,0,0
0,0,0,0,0,0,87,35,0,1,0,0,0,0,0,0,0,0,0,0,0,0,0,0,0
0,0,0,0,0,0,0,0,35,69,116,75,54,32,9,0,0,3,0,0,0,0,0,0,0
0,0,0,0,0,0,120,119,105,0,0,0,0,0,0,3,0,0,0,0,0,0,0,0,0
0,0,0,0,0,0,0,0,23,0,9,0,6,6,9,9,30,0,34,25,0,0,0,0,0
0,0,0,0,0,0,0,0,21,10,0,0,0,0,0,0,15,16,0,0,0,0,0,0,0
0,0,0,0,0,0,4,0,0,0,22,8,0,0,35,0,0,0,0,0,0,0,0,0,0
0,0,0,0,0,0,0,0,5,0,0,0,1,1,2,0,0,39,0,0,0,0,0,0,0
0,0,0,0,0,0,0,0,3,90,54,57,0,16,0,0,0,0,0,0,0,0,0,0,0
0,0,0,0,0,0,0,99,12,19,30,1,13,34,3,0,0,0,0,0,0,0,0,0,0
0,0,0,0,0,0,0,0,2,0,0,8,0,20,0,46,7,0,0,0,0,2,0,0,0
0,0,0,0,0,0,0,0,4,0,19,34,70,47,1,0,0,0,0,0,0,0,0,0,0
0,0,0,0,0,0,0,6,0,0,10,0,28,41,0,0,0,0,0,0,0,0,0,0,0
0,0,0,0,0,0,0,0,30,133,38,0,3,18,21,23,4,0,0,0,5,4,0,0,0
0,0,0,0,0,0,0,0,0,3,4,36,27,5,0,0,0,18,0,0,0,0,0,0,0
0,0,0,0,0,0,0,49,47,0,0,0,0,0,0,0,0,0,0,0,0,0,0,0,0
0,0,0,0,0,0,0,0,31,59,10,0,0,0,0,0,0,0,0,0,0,0,0,0,0
0,0,0,0,0,0,0,0,0,3,0,0,0,0,0,0,0,0,0,0,0,0,0,0,0
0,0,0,0,0,0,0,0,0,0,0,118,3,0,0,0,0,0,0,0,0,0,0,0,0
0,0,0,0,0,0,0,0,169,90,21,0,0,0,0,0,0,0,0,0,0,0,0,0,0
0,0,0,0,0,0,0,0,6,0,0,68,0,0,0,0,0,2,0,0,0,0,0,0,0
0,0,0,0,0,0,0,0,3,0,3,53,23,36,14,0,8,4,0,0,0,0,0,0,0
0,0,0,0,0,0,5,0,71,0,1,0,0,0,0,0,0,0,0,0,0,0,0,0,0
0,0,0,0,0,0,0,0,3,0,0,0,0,0,16,31,3,0,0,0,0,0,0,0,0
0,0,0,0,0,0,6,116,52,2,0,0,10,10,0,0,0,0,0,0,0,0,0,0,0
0,0,0,0,0,0,120,64,12,0,0,0,0,0,0,0,0,0,0,0,0,0,0,0,0
0,0,0,0,0,0,0,0,32,0,0,32,38,49,46,14,0,7,0,0,0,0,0,0,0
0,0,0,0,0,0,0,0,42,83,0,1,0,0,0,0,0,0,0,0,0,2,0,0,0
0,0,0,0,0,0,0,0,67,30,17,0,0,0,0,3,0,0,0,0,0,1,0,0,0
0,0,0,0,0,0,0,0,37,10,0,29,0,77,0,11,0,0,0,0,0,0,0,0,0
0,0,0,0,0,0,25,0,0,61,10,0,0,0,0,0,0,0,0,0,0,0,0,0,0
0,0,0,0,0,0,0,23,34,34,18,0,0,0,0,0,0,0,0,0,0,0,0,0,0
0,0,0,0,0,0,0,0,15,57,56,43,22,16,0,0,0,2,0,0,0,0,0,0,0
0,0,0,0,0,0,0,0,85,28,0,11,0,0,0,0,0,0,0,0,0,0,0,0,0
0,0,0,0,0,0,0,16,0,0,37,2,2,2,0,0,0,8,7,0,0,0,0,0,0
0,0,0,0,0,0,0,0,24,18,22,8,8,2,0,42,0,0,48,0,0,0,0,0,0
0,0,0,0,0,0,0,0,35,0,0,0,0,0,29,148,23,1,0,0,1,0,0,0,0
0,0,0,0,0,0,0,0,11,149,0,4,69,31,0,0,0,4,0,0,0,0,0,0,0
0,0,0,0,0,0,0,0,13,0,0,22,23,30,0,0,0,0,0,2,0,0,0,0,0
0,0,0,0,0,0,0,0,10,0,0,0,0,0,0,0,0,0,0,0,0,0,0,0,0
0,0,0,0,0,0,0,4,62,39,10,0,0,8,0,0,0,15,4,0,0,0,0,0,0
0,0,0,0,0,0,0,0,90,40,4,10,31,116,0,0,0,0,0,0,0,0,0,0,0
0,0,0,0,0,0,0,0,14,0,10,14,4,10,39,3,59,0,0,0,0,0,0,0,0
0,0,0,0,0,0,0,0,0,0,0,0,0,79,0,36,0,0,0,0,0,5,0,0,0
0,0,0,0,0,0,0,0,10,25,38,30,0,0,0,0,0,0,0,0,0,0,0,0,0
0,0,0,0,0,0,3,74,0,9,13,6,0,0,0,0,0,6,0,0,0,0,0,0,0
