0,0,0,0,0,0,0,7,7,7,11,0,0,0,0,0,0,0,0,0,0,0,0,0,0
0,0,0,0,0,0,0,0,0,0,12,0,4,17,10,18,38,0,0,0,0,0,0,0,0
0,0,0,0,0,0,0,0,0,16,2,2,0,2,0,0,0,0,0,0,0,0,0,0,0
0,0,0,0,0,0,0,0,6,0,0,0,0,1,0,0,0,0,0,0,0,0,0,0,0
0,0,0,0,0,0,33,20,14,4,2,0,0,8,0,0,0,0,0,0,0,0,0,0,0
0,0,0,0,0,0,0,0,0,0,0,0,0,0,0,0,0,1,1,0,0,0,0,0,0
0,0,0,0,0,0,6,8,9,1,1,0,0,0,0,0,0,0,0,0,0,0,0,0,0
0,0,0,0,0,0,0,0,0,0,0,22,9,10,9,5,14,1,0,0,0,0,0,0,0
0,0,0,0,0,0,0,0,0,0,0,0,0,0,0,0,0,0,0,0,0,0,0,0,0
0,0,0,0,0,0,0,0,16,24,10,7,0,0,0,0,0,0,0,0,0,0,0,0,0
0,0,0,0,0,0,0,0,0,0,0,8,0,0,0,0,0,0,0,0,23,24,0,0,0
0,0,0,0,0,0,0,0,8,0,2,0,11,11,1,0,0,0,0,0,0,0,0,0,0
0,0,0,0,0,0,0,0,0,0,0,0,0,47,42,28,128,3,108,63,5,0,0,0,0
0,0,0,0,0,0,0,0,0,24,5,0,0,0,0,0,0,0,0,0,0,0,0,0,0
0,0,0,0,0,0,0,0,1,9,1,0,0,0,0,0,0,0,0,0,0,0,0,0,0
0,0,0,0,0,0,56,40,1,0,0,0,0,0,0,0,0,0,0,0,0,0,0,0,0
0,0,0,0,0,0,20,5,27,0,0,0,0,21,0,0,0,0,0,0,0,0,0,0,0
0,0,0,0,0,0,0,1,17,0,14,1,0,0,0,0,0,0,0,0,0,0,0,0,0
0,0,0,0,0,0,11,28,13,18,1,0,0,0,0,0,0,0,0,0,0,0,0,0,0
0,0,0,0,0,0,0,0,0,0,0,1,0,26,2,10,1,0,0,0,0,0,0,0,0
0,0,0,0,0,0,8,20,20,0,0,0,0,0,0,0,0,0,0,0,0,0,0,0,0
0,0,0,0,0,0,0,0,0,0,12,0,6,6,0,0,0,0,0,0,12,2,0,0,0
0,0,0,0,0,0,0,6,26,1,0,0,0,0,0,0,0,0,0,0,0,0,0,0,0
0,0,0,0,0,0,0,0,2,1,4,37,6,0,1,0,0,0,0,0,3,0,0,0,0
0,0,0,0,0,0,0,0,8,32,3,0,0,0,0,0,0,0,0,0,0,0,0,0,0
0,0,0,0,0,0,0,0,1,7,3,0,0,0,0,0,0,0,0,0,0,0,0,0,0
0,0,0,0,0,0,0,0,66,2,0,0,0,0,0,0,4,0,0,0,0,0,0,0,0
0,0,0,0,0,0,0,0,3,0,23,0,35,30,0,0,0,0,0,0,0,0,0,0,0
0,0,0,0,0,0,6,0,0,0,0,0,0,0,0,0,0,0,0,0,0,0,0,0,0
0,0,0,0,0,0,0,0,30,10,0,0,0,0,0,0,0,0,0,0,0,0,0,0,0
0,0,0,0,0,0,0,0,23,7,19,20,41,45,0,0,1,0,0,0,0,0,0,0,0
0,0,0,0,0,0,0,0,7,8,0,0,0,0,0,0,0,0,0,0,0,0,0,0,0
0,0,0,0,0,0,0,0,3,0,6,6,14,39,0,0,0,0,0,0,0,0,0,0,0
0,0,0,0,0,0,0,22,0,0,0,0,0,0,0,0,0,0,0,0,0,0,0,0,0
0,0,0,0,0,0,0,0,0,0,0,0,0,0,0,0,0,0,0,0,0,0,0,0,0
0,0,0,0,0,0,0,0,0,9,6,0,0,0,0,0,0,0,0,0,0,0,0,0,0
0,0,0,0,0,0,0,0,0,0,0,0,0,1,0,0,0,0,0,0,0,0,0,0,0
0,0,0,0,0,0,0,23,10,6,2,0,2,4,0,3,0,0,0,0,0,0,0,0,0
0,0,0,0,0,0,0,22,7,8,8,0,8,17,0,0,0,0,0,0,0,0,0,0,0
0,0,0,0,0,0,0,0,17,14,1,0,0,0,0,0,0,0,0,0,0,0,0,0,0
0,0,0,0,0,0,0,0,47,12,7,8,4,0,0,0,0,0,0,2,0,0,0,0,0
0,0,0,0,0,0,0,0,3,0,0,0,0,0,7,0,5,0,0,0,0,0,0,0,0
0,0,0,0,0,0,0,0,4,2,0,0,11,11,0,0,0,2,0,0,0,4,0,0,0
0,0,0,0,0,0,5,5,7,36,30,0,0,2,0,16,0,4,0,0,0,0,0,0,0
0,0,0,0,0,0,0,0,0,0,3,0,2,25,1,5,0,0,2,1,27,10,0,0,0
0,0,0,0,0,0,5,13,32,4,1,0,0,1,1,1,0,0,0,0,0,0,0,0,0
0,0,0,0,0,0,0,0,3,0,0,3,0,0,1,2,0,0,0,1,0,0,0,0,0
0,0,0,0,0,0,0,0,0,0,19,7,0,0,0,0,0,0,0,0,0,0,0,0,0
0,0,0,0,0,0,0,0,0,0,0,0,12,1,0,1,0,0,0,0,0,0,0,0,0
0,0,0,0,0,0,1,15,12,0,5,9,15,7,0,0,0,0,0,0,0,0,0,0,0
0,0,0,0,0,0,0,0,0,0,1,12,2,0,0,3,0,0,0,0,0,0,0,0,0
0,0,0,0,0,0,0,0,0,0,0,0,0,3,23,0,0,0,0,0,0,0,0,0,0
0,0,0,0,0,0,0,0,53,30,2,1,2,25,0,0,0,1,0,0,0,0,0,0,0
0,0,0,0,0,0,0,0,45,35,0,0,0,27,0,0,0,1,0,2,0,0,0,0,0
0,0,0,0,0,0,0,0,0,0,1,0,0,5,0,0,0,0,0,0,0,0,0,0,0
0,0,0,0,0,0,0,0,5,0,0,4,2,4,9,22,0,0,0,0,0,0,0,0,0
0,0,0,0,0,0,0,0,0,6,8,8,0,4,0,0,0,0,0,0,0,0,0,0,0
0,0,0,0,0,0,3,15,22,20,7,0,0,0,0,0,0,0,0,0,0,0,0,0,0
0,0,0,0,0,0,12,6,0,20,7,0,0,0,0,0,0,0,0,0,0,0,0,0,0
0,0,0,0,0,0,0,0,0,0,11,21,1,1,0,0,0,0,0,0,0,0,0,0,0
0,0,0,0,0,0,0,0,0,0,0,0,0,0,0,0,0,0,0,0,14,0,0,0,0
0,0,0,0,0,0,0,0,0,0,6,14,6,5,0,0,0,0,0,0,0,0,0,0,0
0,0,0,0,0,0,8,4,3,0,0,0,0,0,0,0,0,0,0,0,0,0,0,0,0
0,0,0,0,0,0,0,0,0,0,0,0,0,0,0,0,0,0,0,0,0,0,0,0,0
0,0,0,0,0,0,0,0,0,44,9,2,2,4,0,2,0,5,0,0,0,0,0,0,0
0,8,0,0,2,4,0,0,2,0,0,0,0,0,0,0,0,0,0,0,0,0,0,0,0
0,0,0,0,0,0,0,15,1,1,0,0,0,0,0,0,0,0,0,0,0,0,0,0,0
0,0,0,0,0,0,0,0,5,8,6,5,5,13,9,12,12,11,2,0,0,0,0,0,0
0,0,0,0,0,0,0,10,0,0,0,0,0,0,0,0,0,0,0,0,0,0,0,0,0
0,0,0,0,0,0,2,0,0,0,0,9,0,0,0,0,0,0,0,0,0,0,0,0,0
0,0,0,0,0,0,0,0,8,23,0,1,0,0,0,3,0,0,0,0,0,0,0,0,0
0,0,0,0,0,0,0,0,0,0,34,9,1,1,0,0,0,0,0,0,0,0,0,0,0
0,0,0,0,0,0,0,0,4,0,0,0,6,14,0,0,1,0,0,0,0,0,0,0,0
0,0,0,0,0,0,0,0,8,27,1,0,0,0,0,0,0,0,0,0,0,0,0,0,0
0,0,0,0,0,0,0,0,0,0,0,0,0,0,0,0,0,0,0,5,8,0,0,0,0
0,0,0,0,0,0,0,0,2,0,0,0,0,0,0,0,0,0,0,0,0,0,0,0,0
0,0,0,0,0,0,0,0,0,0,0,0,0,0,0,0,0,0,0,0,0,0,0,0,0
0,0,0,0,0,0,0,0,0,0,0,0,0,0,0,0,0,1,0,1,0,0,0,0,0
0,0,0,0,0,0,0,0,5,0,15,11,2,5,2,0,32,5,0,0,0,0,0,0,0
0,0,0,0,0,0,0,0,3,0,2,0,2,3,14,4,16,16,0,0,0,0,0,0,0
0,0,0,0,0,0,0,0,10,12,0,0,0,0,5,0,0,0,0,0,0,0,0,0,0
0,0,0,0,0,0,0,0,0,0,0,0,0,0,0,28,1,0,0,0,0,0,0,0,0
0,0,0,0,0,0,18,0,0,0,0,0,0,8,0,0,0,0,0,0,0,0,0,0,0
0,0,0,0,0,0,0,0,25,9,0,0,0,2,5,4,0,0,0,0,0,0,0,0,0
0,0,0,0,0,0,0,0,0,9,10,9,0,0,0,0,0,0,0,0,0,0,0,0,0
0,0,0,0,0,0,0,0,3,0,6,0,0,0,0,0,0,0,0,0,0,0,0,0,0
0,0,0,0,0,0,0,0,25,4,0,0,0,2,0,0,0,0,0,0,0,0,0,0,0
0,0,0,0,0,0,0,0,0,0,0,0,0,0,8,0,3,0,0,7,17,15,0,0,0
0,0,0,0,0,0,0,0,46,20,15,5,0,2,0,0,0,0,0,0,0,0,0,0,0
0,0,0,0,0,0,0,0,0,21,0,14,1,8,0,0,0,0,0,0,0,0,0,0,0
0,0,0,0,0,0,3,2,0,21,2,0,0,0,0,0,0,0,0,0,0,0,0,0,0
0,0,0,0,0,0,0,12,0,0,0,1,1,1,0,1,1,0,0,0,0,0,0,0,0
0,0,0,0,0,0,0,0,2,2,2,0,26,29,0,0,0,0,0,0,0,0,0,0,0
0,0,0,0,0,0,0,0,2,0,0,0,0,0,0,0,0,0,0,0,0,0,0,0,0
0,0,0,0,0,0,0,0,1,13,2,0,0,0,0,0,0,0,0,0,0,0,0,0,0
0,0,0,0,0,0,0,0,0,0,11,2,0,0,0,0,0,0,0,0,0,0,0,0,0
0,0,0,0,0,0,0,0,0,0,2,2,2,1,0,0,0,0,0,0,0,0,0,0,0
0,0,0,0,0,0,0,0,0,1,12,0,0,0,0,0,0,5,0,0,0,0,0,0,0
0,0,0,0,0,0,0,8,9,1,0,0,1,2,0,0,0,0,0,0,0,0,0,0,0
0,0,0,0,0,0,0,5,10,0,0,0,3,3,3,0,0,0,0,0,0,0,0,0,0
0,0,7,0,0,18,58,193,157,13,64,39,45,72,10,5,10,0,0,0,5,1,0,0,0
0,0,0,0,0,0,19,7,2,4,0,0,0,4,0,0,0,0,0,0,0,0,0,0,0
0,0,0,0,0,0,8,6,17,2,1,2,0,0,0,0,0,0,0,0,0,0,0,0,0
0,0,0,0,0,0,0,0,45,1,0,0,1,1,0,0,0,0,0,0,0,0,0,0,0
0,0,0,0,0,0,0,0,0,0,0,0,0,0,0,0,0,0,0,0,0,0,0,0,0
0,0,0,0,0,0,0,0,0,3,0,4,0,0,0,0,0,0,0,0,0,0,0,0,0
0,0,0,0,0,0,0,15,9,21,19,3,17,8,0,0,0,0,0,0,0,0,0,0,0
0,0,0,0,0,0,0,0,20,10,8,11,10,28,0,0,0,0,0,0,0,0,0,0,0
0,0,0,0,0,0,18,13,16,9,12,0,0,0,0,0,0,0,0,0,0,0,0,0,0
0,0,0,0,0,0,8,1,17,0,0,0,0,0,5,0,0,0,0,0,0,0,0,0,0
0,0,0,0,0,0,0,0,0,21,6,7,3,11,2,1,0,0,0,0,0,0,0,0,0
0,0,0,0,0,0,0,0,1,0,0,4,1,1,0,0,0,0,0,0,0,0,0,0,0
0,0,0,0,0,0,0,1,0,0,0,0,2,11,0,0,0,0,0,0,0,0,0,0,0
0,0,0,6,5,0,0,0,0,0,0,0,0,0,0,0,0,0,0,0,0,0,0,0,0
0,0,0,0,0,0,0,0,11,78,0,1,0,0,0,0,0,0,0,0,0,0,0,0,0
0,0,0,0,0,0,0,0,2,0,2,38,5,1,0,0,0,0,0,0,0,0,0,0,0
0,0,0,0,0,0,0,10,0,0,0,0,0,1,0,0,0,0,0,0,0,0,0,0,0
0,0,0,0,0,0,0,0,0,5,0,0,0,0,0,0,0,0,0,0,0,0,0,0,0
0,0,0,0,0,0,2,0,7,0,2,0,0,0,0,0,0,0,0,0,0,0,0,0,0
0,0,0,0,0,0,0,2,2,3,0,0,0,0,0,0,0,0,0,0,0,0,0,0,0
0,0,0,0,0,0,0,0,0,0,0,0,0,0,0,0,0,0,0,0,0,5,0,0,0
0,0,0,0,0,0,1,0,0,0,0,0,0,2,1,0,0,0,0,0,0,0,0,0,0
0,0,0,0,0,0,0,0,0,0,0,1,0,7,2,3,7,0,0,0,0,0,0,0,0
0,0,0,0,0,0,0,0,0,0,0,0,2,62,0,28,0,0,0,0,0,0,0,0,0
0,0,0,0,0,0,0,0,53,7,0,0,0,4,1,0,0,0,0,0,0,0,0,0,0
0,0,0,0,0,0,0,0,5,0,2,0,9,5,0,1,0,0,0,0,0,0,0,0,0
0,0,0,0,0,0,0,0,1,18,20,0,0,0,0,3,0,0,0,0,0,0,0,0,0
0,0,0,0,0,0,0,0,7,8,0,0,0,0,0,0,0,0,0,0,0,0,0,0,0
0,0,0,0,0,0,0,0,1,7,0,0,0,0,0,0,0,0,0,0,0,0,0,0,0
0,0,0,0,0,0,0,0,0,0,0,0,6,9,11,11,0,0,0,0,0,0,0,0,0
0,0,0,0,0,0,0,0,0,0,0,0,0,0,0,0,0,0,0,0,0,0,0,0,0
0,0,0,0,0,0,0,0,0,0,0,10,7,10,2,0,0,0,0,0,0,0,0,0,0
0,0,0,0,0,0,0,0,5,3,4,0,0,0,0,0,0,0,0,0,0,0,0,0,0
0,0,0,0,0,0,0,0,1,22,0,0,0,0,0,0,0,5,0,0,0,0,0,0,0
0,0,0,0,0,0,0,3,4,0,0,1,2,6,0,2,0,0,0,0,0,0,0,0,0
0,0,0,0,0,0,0,0,26,11,0,18,2,6,0,0,1,0,0,0,0,0,0,0,0
0,0,0,0,0,0,21,5,7,39,23,11,11,7,18,0,0,0,0,0,0,0,0,0,0
0,0,0,0,0,0,0,0,9,28,0,0,0,0,0,0,0,0,0,0,0,0,0,0,0
0,0,0,0,0,0,0,0,0,1,0,0,30,64,0,0,0,0,0,0,0,0,0,0,0
0,0,0,0,0,0,7,42,0,1,0,0,0,3,5,6,0,0,0,0,0,0,0,0,0
0,0,0,0,0,0,0,0,0,10,1,1,0,0,0,0,0,0,0,0,0,0,0,0,0
0,0,0,0,0,0,0,0,0,0,0,0,0,0,0,0,0,0,0,0,0,0,0,0,0
0,0,0,0,0,0,0,0,5,6,13,0,0,0,0,10,0,0,0,0,0,0,0,0,0
0,0,0,0,0,0,0,0,0,0,0,14,0,0,0,0,0,0,0,0,0,0,0,0,0
0,0,0,0,0,0,0,16,0,0,0,8,3,19,12,0,2,16,0,0,0,0,0,0,0
0,0,0,0,0,0,0,0,0,11,11,1,2,2,0,0,0,0,0,0,0,0,0,0,0
0,0,0,0,0,0,0,0,6,9,23,1,0,0,0,0,0,0,0,1,0,0,0,0,0
0,0,0,0,0,0,0,0,4,0,0,0,19,28,3,2,5,1,1,0,0,0,0,0,0
0,6,7,0,2,0,0,0,0,0,0,0,0,0,0,0,0,0,0,0,0,0,0,0,0
0,0,0,0,0,0,0,0,12,0,0,0,0,28,1,0,0,0,0,0,0,0,0,0,0
0,0,0,0,0,0,0,1,2,0,2,0,0,12,1,0,0,0,0,0,0,0,0,0,0
0,0,0,0,0,0,0,4,0,0,0,0,0,0,0,0,0,0,0,0,0,0,0,0,0
0,0,0,0,0,0,0,0,0,3,14,38,2,2,0,0,0,0,0,0,0,0,0,0,0
0,0,0,0,0,0,3,9,3,13,6,2,0,0,0,0,0,0,0,0,0,0,0,0,0
0,0,0,0,0,0,0,0,0,0,0,0,6,5,11,0,0,0,0,0,0,0,0,0,0
0,0,0,0,0,0,29,15,5,0,0,0,0,0,0,0,0,0,0,0,0,0,0,0,0
0,0,0,0,0,0,0,0,19,7,6,1,3,3,0,0,0,0,0,0,0,0,0,0,0
0,0,0,0,0,0,0,0,6,2,2,1,0,6,0,0,3,2,0,0,0,0,0,0,0
0,0,0,0,0,0,5,0,0,0,0,0,0,0,0,0,0,0,1,0,0,0,0,0,0
0,0,0,0,0,0,0,19,5,5,14,0,4,2,0,0,0,0,0,0,0,0,0,0,0
0,0,0,0,0,0,0,0,3,0,29,1,0,0,0,0,0,0,0,0,0,0,0,0,0
0,0,0,0,0,0,0,0,0,14,0,0,2,0,0,0,0,12,0,14,22,0,0,0,0
0,0,0,0,0,0,2,0,5,9,2,0,0,0,0,0,0,0,0,0,0,0,0,0,0
0,0,0,0,0,0,0,0,4,4,4,27,4,0,0,0,0,0,0,0,0,0,0,0,0
0,0,0,0,0,0,0,0,24,1,2,0,2,3,0,0,0,0,0,0,0,1,0,0,0
0,0,0,0,0,0,0,0,2,3,4,0,3,3,0,0,0,1,0,0,0,0,0,0,0
0,0,0,0,0,0,0,0,1,0,0,4,1,11,2,0,0,0,0,0,0,0,0,0,0
0,0,0,0,0,0,27,24,8,0,0,0,0,0,3,1,1,2,0,0,0,0,0,0,0
0,0,0,0,0,0,5,3,3,1,0,1,0,0,0,0,0,0,0,0,0,0,0,0,0
0,0,0,0,0,0,0,0,0,3,0,0,0,14,7,18,1,1,0,0,0,1,0,0,0
0,0,0,0,0,0,0,0,0,5,11,2,1,0,0,0,0,0,0,0,0,0,0,0,0
0,0,0,0,0,0,0,0,6,21,16,0,0,8,0,4,0,0,0,0,0,0,0,0,0
0,0,0,0,0,0,1,0,0,20,0,0,0,0,0,0,0,0,0,0,0,0,0,0,0
0,0,0,0,0,0,0,0,0,0,3,6,0,0,0,0,0,0,0,0,0,0,0,0,0
0,0,0,0,0,0,0,0,0,29,0,0,0,2,0,0,0,0,0,0,0,0,0,0,0
0,0,0,0,0,0,3,10,2,4,0,0,0,0,0,0,0,0,0,0,0,0,0,0,0
0,0,0,0,0,0,9,21,8,6,1,5,1,0,2,0,0,0,0,0,0,0,0,0,0
0,0,0,0,0,0,1,0,0,1,0,0,0,3,3,1,2,6,0,0,0,0,0,0,0
0,0,0,0,0,0,0,2,22,0,0,0,0,0,0,0,0,0,0,0,0,0,0,0,0
0,0,0,0,0,0,0,0,0,0,0,0,0,0,0,0,0,0,0,0,0,0,0,0,0
0,0,0,0,0,0,0,0,17,30,1,9,7,8,0,0,0,13,0,0,1,0,0,0,0
0,0,0,0,0,0,40,1,0,2,0,0,0,7,0,0,0,0,0,0,0,0,0,0,0
0,0,0,0,0,0,0,0,4,0,2,0,0,10,0,0,0,0,0,0,0,0,0,0,0
0,0,0,0,0,0,0,0,2,0,22,8,6,4,1,3,9,1,0,0,0,0,0,0,0
0,0,0,0,0,0,5,18,2,0,1,2,6,7,0,0,0,0,0,0,0,0,0,0,0
0,0,0,0,0,0,0,0,16,0,2,5,22,18,0,0,0,0,0,0,0,0,0,0,0
0,0,0,0,0,0,0,0,0,0,5,20,3,3,0,0,15,7,5,0,0,0,0,0,0
0,0,0,0,0,0,0,1,0,27,2,0,0,0,0,0,0,0,0,0,0,0,0,0,0
0,0,0,0,0,0,0,0,0,0,0,0,7,12,2,0,0,0,0,0,0,0,0,0,0
0,0,0,0,0,0,0,0,0,16,0,0,0,0,0,0,0,0,0,0,0,0,0,0,0
0,0,0,0,0,0,0,0,7,13,9,0,2,0,0,0,0,1,0,0,0,0,0,0,0
0,0,0,0,0,0,0,0,0,0,0,0,0,0,0,0,0,0,0,0,0,0,0,0,0
0,0,0,0,0,0,0,0,0,18,1,0,0,0,0,0,0,0,0,0,0,0,0,0,0
0,0,0,0,0,0,0,0,58,0,0,0,1,1,0,0,0,0,0,0,0,0,0,0,0
0,0,0,0,0,0,0,0,2,3,2,0,0,0,0,0,0,0,0,0,0,0,0,0,0
0,0,0,0,0,0,57,0,0,8,0,0,0,1,0,0,0,0,0,0,0,0,0,0,0
0,0,0,0,0,0,0,0,0,4,0,8,0,2,0,2,0,0,0,9,0,1,0,0,0
0,0,0,0,0,0,0,0,0,0,0,0,3,23,0,0,0,0,0,0,0,0,0,0,0
0,0,0,0,0,0,0,0,0,0,0,0,0,0,0,0,0,0,0,0,0,0,0,0,0
0,0,0,0,0,0,0,0,0,0,0,0,0,0,0,0,0,0,0,0,0,0,0,0,0
0,0,0,0,0,0,0,4,1,0,0,0,3,2,0,0,0,0,0,0,0,0,0,0,0
0,0,0,0,0,0,0,0,5,0,4,0,0,0,0,3,3,1,0,1,0,0,0,0,0
0,0,0,0,0,0,8,14,0,0,0,0,0,0,0,0,0,0,0,0,0,0,0,0,0
0,0,0,0,0,0,0,0,10,16,35,0,0,34,0,0,0,0,0,0,0,0,0,0,0
0,0,0,0,0,0,0,0,13,12,12,4,2,0,0,0,0,0,0,0,0,0,0,0,0
0,0,0,0,0,0,4,0,0,0,0,0,0,8,0,0,0,0,0,0,0,0,0,0,0
0,0,0,0,0,0,0,2,0,0,0,0,0,1,0,0,0,0,0,0,0,0,0,0,0
0,0,0,0,0,0,0,0,0,0,7,50,37,17,16,19,4,0,0,0,0,0,0,0,0
0,0,0,0,0,11,0,0,0,0,0,0,0,0,0,0,0,0,0,0,0,0,0,0,0
0,0,0,0,0,0,0,6,0,0,2,0,0,0,0,0,0,0,0,0,0,0,0,0,0
0,0,0,0,0,0,0,0,0,0,0,0,0,0,0,0,0,0,0,0,0,0,0,0,0
0,0,0,0,0,0,0,0,0,0,0,0,0,0,0,0,0,0,0,0,0,0,0,0,0
0,0,0,0,0,0,0,0,0,0,0,0,0,0,0,0,0,0,0,0,0,0,0,0,0
0,0,0,0,0,0,0,0,5,0,0,0,7,30,1,0,0,0,0,0,0,0,0,0,0
0,0,0,0,0,0,0,0,0,12,13,0,0,0,0,0,0,0,0,0,0,0,0,0,0
0,0,0,0,0,0,0,0,0,1,0,5,4,7,1,0,0,0,0,0,0,0,0,0,0
0,0,0,0,0,0,0,6,11,7,0,0,0,0,0,0,0,0,0,0,0,0,0,0,0
0,0,0,0,0,0,0,0,0,0,0,0,17,14,0,0,0,0,0,0,0,0,0,0,0
0,0,0,0,0,0,0,0,13,7,62,0,0,0,0,0,0,0,0,0,0,0,0,0,0
0,0,0,0,0,0,0,4,2,14,1,0,0,0,0,0,0,0,0,0,0,0,0,0,0
0,0,0,0,0,0,1,0,6,0,0,0,0,0,0,0,0,0,0,0,0,0,0,0,0
0,0,0,0,0,0,0,0,0,8,0,0,0,6,0,0,0,0,0,0,0,0,0,0,0
0,0,0,0,0,0,0,7,0,27,5,0,0,9,1,0,0,0,0,0,0,0,0,0,0
0,0,0,0,0,0,0,0,1,0,0,0,0,0,6,0,0,0,0,0,0,0,0,0,0
0,0,0,0,0,0,0,0,0,5,0,0,0,0,0,0,0,0,0,0,0,0,0,0,0
0,0,0,0,0,0,0,0,0,0,0,0,0,0,16,0,3,0,0,0,0,1,0,0,0
0,0,0,0,0,0,0,0,7,0,0,0,0,0,0,0,0,0,0,0,0,0,0,0,0
0,0,0,0,0,0,0,0,0,0,0,10,8,9,1,0,7,0,0,1,0,0,0,0,0
0,0,0,0,0,0,0,0,3,0,0,3,0,0,0,0,0,0,0,0,0,0,0,0,0
0,0,0,0,0,0,0,10,0,27,5,0,0,0,0,0,0,0,0,0,0,0,0,0,0
0,0,0,0,0,0,0,0,3,0,0,4,1,0,0,0,0,0,0,0,0,0,0,0,0
0,0,0,0,0,0,0,0,15,2,0,0,13,12,0,0,2,0,0,0,0,0,0,0,0
0,0,0,0,0,0,0,0,4,1,0,0,0,0,0,0,0,0,0,0,0,0,0,0,0
0,0,0,0,0,0,0,0,0,20,1,0,2,6,0,0,0,0,0,0,0,0,0,0,0
0,0,0,0,0,0,0,0,0,0,10,15,0,0,0,0,0,0,0,0,0,0,0,0,0
0,0,0,0,0,0,0,0,43,43,9,0,15,12,1,0,0,0,0,0,0,0,0,0,0
0,0,0,0,0,0,0,0,0,0,11,6,0,6,0,0,0,0,0,0,0,0,0,0,0
0,0,0,0,0,0,4,0,0,0,0,0,0,0,0,0,0,0,0,0,0,0,0,0,0
0,0,0,0,0,0,0,0,0,0,0,0,0,0,0,0,0,0,0,0,0,0,0,0,0
0,0,0,0,0,0,0,0,0,0,0,0,0,0,0,0,0,0,0,0,0,0,0,0,0
0,0,0,0,0,0,0,0,21,27,0,13,1,9,2,0,0,0,0,0,7,0,0,0,0
0,0,0,0,0,0,0,0,34,0,0,0,0,0,0,0,0,0,0,0,0,0,0,0,0
0,0,0,0,0,0,0,0,11,24,10,0,5,5,0,0,0,0,0,0,0,0,0,0,0
0,0,0,0,0,0,5,0,18,4,10,0,0,0,0,0,0,0,1,0,0,0,0,0,0
0,0,0,0,0,0,0,0,11,7,1,19,16,0,6,2,6,23,13,7,0,0,0,0,0
0,0,0,0,0,0,0,0,11,6,1,1,2,4,0,3,0,0,0,0,0,0,0,0,0
0,0,0,0,0,0,0,0,0,0,0,0,2,0,0,0,18,2,2,5,0,20,0,0,0
0,0,0,0,0,0,0,0,0,9,1,1,0,0,0,0,0,0,0,0,0,0,0,0,0
0,0,0,0,0,0,8,6,5,6,1,1,0,11,0,0,0,0,0,0,0,0,0,0,0
0,0,0,0,0,0,0,0,2,3,3,0,0,0,0,0,0,0,1,0,6,11,0,0,0
0,0,0,0,0,0,0,0,1,0,0,0,0,3,0,1,0,14,0,0,0,0,0,0,0
0,0,0,0,0,0,4,37,25,0,0,0,0,0,0,0,0,0,0,0,0,0,0,0,0
0,0,0,0,0,0,0,0,9,1,4,4,0,5,0,0,0,0,0,0,0,0,0,0,0
0,0,0,0,0,0,0,0,0,0,0,0,0,0,29,0,0,0,0,0,0,0,0,0,0
0,0,0,0,0,0,0,0,0,4,0,0,2,42,30,3,1,0,0,0,0,0,0,0,0
0,0,0,0,0,0,0,0,0,7,2,5,0,9,0,0,0,0,0,0,0,0,0,0,0
0,0,0,0,0,0,0,0,0,0,0,0,0,0,0,0,0,0,0,0,0,0,0,0,0
0,0,0,0,0,0,0,0,12,11,2,0,0,0,0,6,0,0,0,0,0,0,0,0,0
0,0,0,0,0,0,0,0,0,0,2,5,0,0,0,0,0,0,0,0,0,0,0,0,0
0,0,0,0,0,0,0,0,3,0,0,0,0,25,0,0,0,0,0,0,0,0,0,0,0
0,0,0,0,0,0,0,0,14,16,7,0,0,0,0,0,2,0,0,0,1,0,0,0,0
0,0,0,0,0,0,0,0,0,0,0,0,0,0,0,0,0,0,0,0,0,1,0,0,0
0,0,0,0,0,0,0,0,2,10,0,1,0,4,0,0,0,0,0,0,0,0,0,0,0
0,0,0,0,0,0,0,0,0,0,0,0,0,0,0,0,0,0,0,4,0,0,0,0,0
0,0,0,0,0,0,0,0,0,0,7,3,0,0,0,0,0,0,0,0,0,0,0,0,0
0,0,0,0,0,0,0,0,0,31,0,0,0,0,1,0,0,0,0,0,0,0,0,0,0
0,0,0,0,0,0,0,0,0,0,0,0,0,0,0,0,0,0,0,0,0,0,0,0,0
0,0,0,0,0,0,0,0,0,0,0,0,0,0,0,0,0,0,0,0,0,0,0,0,0
0,0,0,0,0,0,0,0,0,0,0,0,0,0,0,0,0,0,0,0,0,0,0,0,0
0,0,0,0,0,0,0,0,3,15,1,5,0,4,0,3,2,0,0,0,0,0,0,0,0
0,0,0,0,0,0,0,0,0,0,0,0,21,22,0,0,0,0,0,0,0,0,0,0,0
0,0,0,0,0,0,0,0,0,12,31,0,0,0,0,0,0,0,0,0,0,0,0,0,0
0,0,0,0,0,0,0,0,0,4,0,2,0,0,0,0,0,0,0,0,0,0,0,0,0
0,0,0,0,0,0,0,0,0,9,4,3,4,49,0,0,0,0,0,0,0,0,0,0,0
0,0,0,0,0,0,0,24,0,0,0,2,0,2,1,0,3,0,0,0,0,0,0,0,0
0,0,0,0,0,0,0,0,0,0,6,0,7,7,5,4,0,2,0,0,0,1,0,0,0
0,0,0,0,0,0,0,0,0,0,0,0,0,0,0,0,0,0,0,19,2,0,0,0,0
0,0,0,0,0,0,0,0,0,12,11,8,3,3,0,0,0,0,0,0,0,0,0,0,0
0,0,0,0,0,0,0,9,0,0,0,0,1,1,0,0,0,0,0,0,0,0,0,0,0
0,0,0,0,0,0,0,0,1,0,0,0,0,0,0,0,0,0,0,0,0,0,0,0,0
0,0,0,0,0,0,0,0,20,17,1,0,0,0,0,0,0,0,1,0,0,0,0,0,0
0,0,0,0,0,0,0,0,0,0,0,4,11,35,0,0,0,0,0,0,0,0,0,0,0
0,0,0,0,0,0,0,0,3,0,0,0,0,0,0,0,0,0,0,0,0,0,0,0,0
0,0,0,0,0,0,0,0,2,0,0,0,4,1,9,0,3,0,0,5,0,0,0,0,0
0,0,0,0,0,0,0,0,0,0,0,0,0,0,0,0,0,0,0,0,0,0,0,0,0
0,0,0,0,0,0,0,0,0,0,0,0,0,5,0,1,2,0,0,0,0,0,0,0,0
0,0,0,0,0,0,0,0,0,13,0,0,0,0,0,0,0,0,0,0,0,0,0,0,0
0,0,0,0,0,0,0,14,1,0,0,0,0,0,0,0,0,0,0,0,0,0,0,0,0
0,0,0,0,0,0,0,0,0,0,0,0,0,0,0,0,0,0,0,0,0,0,0,0,0
0,0,0,0,0,0,0,35,10,0,9,0,4,0,0,0,0,0,0,0,0,0,0,0,0
0,0,0,0,0,0,0,0,3,0,0,12,17,23,0,0,0,0,0,0,0,0,0,0,0
0,0,0,0,0,0,0,0,13,19,9,0,2,2,0,0,0,1,0,0,2,0,0,0,0
0,0,0,0,0,0,0,9,1,3,0,0,0,0,0,0,0,0,0,0,0,0,0,0,0
0,0,0,0,0,0,0,0,0,0,0,0,0,0,0,0,0,0,0,0,0,2,0,0,0
0,0,0,0,0,0,0,0,17,1,0,0,0,2,0,0,0,0,0,0,0,0,0,0,0
0,0,0,0,0,0,0,0,0,0,0,0,0,0,0,0,2,0,0,0,0,0,0,0,0
0,0,0,0,0,0,0,0,1,10,3,0,0,0,13,5,0,0,0,0,0,0,0,0,0
0,0,0,0,0,0,0,0,0,0,0,0,0,0,0,0,0,0,0,0,0,0,0,0,0
0,0,0,0,0,0,0,0,2,1,0,0,0,0,0,0,0,0,0,0,0,0,0,0,0
0,0,0,0,0,0,0,0,3,0,0,0,0,0,2,2,0,0,0,0,0,3,0,0,0
0,0,0,0,0,0,0,0,3,19,0,9,0,2,0,1,1,0,0,0,0,0,0,0,0
0,0,0,0,0,0,34,8,2,2,0,4,0,0,0,0,0,0,0,0,0,0,0,0,0
0,0,0,0,0,0,0,7,0,0,0,0,0,0,2,1,0,0,0,0,0,0,0,0,0
0,0,0,0,0,0,0,0,0,5,0,0,0,0,0,0,0,0,0,0,9,0,0,0,0
0,0,0,0,0,0,0,0,8,0,0,10,9,8,4,0,0,0,0,0,0,0,0,0,0
0,0,0,0,0,0,0,0,0,7,0,0,0,0,0,0,0,0,0,0,0,0,0,0,0
0,0,0,0,0,0,0,0,22,31,33,5,9,7,0,0,0,0,0,0,0,0,0,0,0
0,0,0,0,0,0,0,0,0,0,0,0,10,0,0,11,0,0,0,0,0,0,0,0,0
0,0,0,0,0,0,0,0,0,19,15,10,3,3,2,10,6,3,8,7,0,0,0,0,0
0,0,0,0,0,0,0,0,0,0,1,0,0,0,34,1,0,0,0,0,0,11,0,0,0
0,0,0,0,0,0,1,2,16,10,11,10,3,12,4,6,27,0,0,9,14,0,0,0,0
0,0,7,5,11,3,1,1,0,0,0,0,0,7,0,10,8,11,1,78,0,3,0,0,0
0,0,0,0,0,0,0,0,1,17,4,0,0,0,0,0,0,0,0,0,0,0,0,0,0
0,0,0,0,0,0,3,0,0,1,0,8,0,0,0,0,0,0,0,0,0,0,0,0,0
0,0,0,0,0,0,6,10,0,0,0,0,0,0,0,0,0,0,0,0,0,0,0,0,0
0,0,0,0,0,0,5,0,2,1,0,0,0,0,0,0,0,0,0,0,0,0,0,0,0
0,0,0,0,0,0,13,0,0,0,0,0,0,0,0,0,0,0,0,0,0,0,0,0,0
0,0,0,0,0,0,0,0,11,0,3,0,0,0,0,5,0,0,0,0,0,0,0,0,0
0,0,0,0,0,0,0,0,0,0,0,0,0,0,0,0,0,0,0,0,0,0,0,0,0
0,0,0,0,0,0,0,0,1,0,0,0,0,0,0,0,0,0,0,0,0,0,0,0,0
0,0,0,0,0,0,0,0,1,0,0,0,0,12,19,0,0,0,0,0,1,0,0,0,0
0,0,0,0,0,0,0,0,1,16,0,0,0,0,0,0,0,0,0,0,0,0,0,0,0
0,0,0,0,0,0,3,11,19,2,0,0,0,0,0,0,0,0,0,0,0,0,0,0,0
0,0,0,0,0,0,0,0,6,0,0,0,0,0,0,0,0,0,0,0,0,0,0,0,0
0,0,0,0,0,0,12,0,8,4,3,6,2,8,0,0,0,0,0,0,0,0,0,0,0
0,0,0,0,0,0,0,0,0,20,0,0,1,0,1,0,0,0,0,0,0,0,0,0,0
0,0,0,0,0,0,1,9,0,10,11,0,8,13,8,0,1,0,0,2,3,0,0,0,0
0,0,0,0,0,0,0,0,0,0,0,0,0,0,0,0,0,0,0,0,0,0,0,0,0
0,0,0,0,0,0,0,0,3,0,0,0,0,1,0,0,0,0,0,0,0,0,0,0,0
0,0,0,0,0,0,0,0,0,23,0,1,1,1,0,0,7,0,0,0,0,0,0,0,0
0,0,0,0,0,0,2,0,0,24,11,4,0,18,1,0,0,0,0,0,0,0,0,0,0
0,0,0,0,0,0,0,0,0,0,0,3,0,0,0,0,0,0,0,0,0,0,0,0,0
0,0,0,0,0,0,20,1,8,0,0,0,0,0,0,0,0,0,0,0,0,0,0,0,0
0,0,0,0,0,0,0,0,0,2,19,0,1,2,0,0,0,0,0,0,0,0,0,0,0
0,0,0,0,0,0,0,0,17,0,0,0,0,0,0,0,0,0,0,0,0,0,0,0,0
0,0,0,0,0,0,0,0,0,0,1,0,0,0,0,0,0,0,0,0,0,0,0,0,0
0,0,0,0,0,0,0,13,11,4,0,0,0,0,0,0,0,0,0,0,0,0,0,0,0
0,0,0,0,0,0,0,7,19,0,0,0,0,0,0,0,0,0,0,0,0,0,0,0,0
0,0,0,0,0,0,0,2,0,0,0,1,0,0,0,0,0,0,0,0,0,0,0,0,0
0,0,0,0,0,0,0,0,0,0,1,2,0,0,0,2,0,0,0,0,0,0,0,0,0
0,0,0,0,0,0,0,0,0,4,11,18,0,2,0,0,0,0,0,0,0,0,0,0,0
0,0,0,0,0,0,0,0,11,22,1,3,0,0,0,0,0,0,0,0,0,0,0,0,0
0,0,0,0,0,0,0,0,4,0,0,0,3,27,0,0,0,0,0,0,0,0,0,0,0
0,0,0,0,0,0,0,0,6,0,0,0,0,0,0,1,0,0,5,25,5,14,0,0,0
0,0,0,0,0,0,0,0,0,7,1,0,4,7,0,3,0,15,0,0,2,0,0,0,0
0,0,0,0,0,0,0,0,1,11,0,0,3,3,0,0,0,0,0,0,0,0,0,0,0
0,0,0,0,0,0,7,8,0,1,0,0,0,0,0,0,0,0,0,0,0,0,0,0,0
0,0,0,0,0,0,17,0,0,0,0,0,14,14,0,0,0,0,0,0,0,0,0,0,0
0,0,0,0,0,0,0,0,0,0,0,0,0,0,0,0,8,1,1,0,0,0,0,0,0
0,0,0,0,0,0,0,0,1,6,5,0,0,0,2,0,8,0,0,0,0,0,0,0,0
0,0,0,0,0,0,0,0,0,0,15,0,0,0,0,0,0,0,0,0,0,0,0,0,0
0,0,0,0,0,0,0,0,0,1,1,0,0,0,0,0,0,0,0,0,0,0,0,0,0
0,0,0,0,0,0,0,3,0,0,21,10,1,3,0,0,0,0,0,0,0,0,0,0,0
0,0,0,0,0,0,0,5,0,0,0,0,0,0,0,0,0,0,1,0,0,0,0,0,0
0,0,0,0,0,0,0,0,6,23,0,6,9,5,0,0,12,7,2,0,0,0,0,0,0
0,0,0,0,0,0,0,0,1,0,2,24,4,16,0,0,3,0,0,0,0,0,0,0,0
0,0,0,0,0,0,0,13,0,0,0,0,0,0,0,0,0,0,0,0,0,0,0,0,0
0,0,0,0,0,0,0,0,1,0,6,6,12,56,1,0,0,0,0,0,0,0,0,0,0
0,0,0,0,0,0,0,0,0,0,0,0,0,0,0,0,0,0,0,0,0,0,0,0,0
0,0,0,0,0,0,0,0,9,12,0,0,5,11,0,0,0,0,0,0,0,0,0,0,0
0,0,0,0,0,0,0,0,21,20,4,3,0,0,1,0,0,0,0,0,0,0,0,0,0
0,0,0,0,0,0,2,10,0,3,2,2,4,18,0,3,0,0,0,0,0,0,0,0,0
0,0,0,0,0,0,0,0,0,21,1,0,0,0,5,0,0,0,0,0,2,0,0,0,0
0,0,0,0,0,0,14,0,1,3,0,2,0,0,8,1,2,0,0,0,0,0,0,0,0
0,0,0,0,0,0,0,0,0,0,10,0,49,60,2,5,0,5,3,2,0,0,0,0,0
0,0,0,0,0,0,0,0,0,9,0,0,0,0,0,0,0,0,0,0,0,0,0,0,0
0,0,0,0,0,0,0,0,3,0,5,1,0,0,0,0,0,0,0,0,0,0,0,0,0
0,0,0,0,0,0,0,0,0,16,1,10,0,0,0,4,0,0,0,0,1,0,0,0,0
0,0,0,0,0,0,34,24,22,24,7,4,3,0,0,0,0,0,0,0,0,0,0,0,0
0,0,0,0,0,0,9,4,17,18,10,1,1,10,0,0,0,0,0,0,0,0,0,0,0
0,0,0,0,0,0,0,0,0,0,0,1,0,0,0,0,0,0,0,0,0,0,0,0,0
0,0,0,0,0,0,0,0,0,0,0,0,0,0,0,0,0,0,0,2,0,1,0,0,0
0,0,0,0,0,0,0,0,0,0,0,0,2,17,0,0,0,0,0,0,0,0,0,0,0
0,0,0,0,0,0,0,0,0,0,0,0,2,54,0,2,0,0,0,0,0,0,0,0,0
0,0,0,0,0,0,39,5,0,0,0,0,0,0,0,0,0,0,0,0,0,0,0,0,0
0,0,0,0,0,0,0,0,16,0,0,7,26,42,0,0,0,0,0,0,0,0,0,0,0
0,0,0,0,0,0,0,0,0,20,17,1,5,6,0,0,0,0,0,0,0,0,0,0,0
0,0,0,0,0,0,0,0,2,0,1,1,0,0,0,0,0,0,0,0,0,0,0,0,0
0,0,0,0,0,0,0,0,0,21,29,0,0,0,0,0,0,0,0,0,0,0,0,0,0
0,0,0,0,0,0,15,1,2,0,0,0,0,0,0,0,0,0,0,0,0,0,0,0,0
0,0,0,0,0,0,0,0,8,2,1,0,0,6,0,0,0,0,0,0,0,0,0,0,0
0,0,0,0,0,0,0,0,4,0,7,11,2,0,0,2,0,0,0,0,0,0,0,0,0
0,0,0,0,0,0,8,17,24,3,5,3,3,8,1,0,0,0,0,0,0,0,0,0,0
0,0,0,0,0,0,0,0,0,0,0,0,9,43,0,0,7,0,0,0,0,0,0,0,0
0,0,0,0,0,0,16,12,10,1,0,0,0,0,0,0,0,0,0,0,0,0,0,0,0
0,0,0,0,0,0,0,0,10,45,0,0,0,2,0,0,0,0,0,0,1,0,0,0,0
0,0,0,0,0,0,0,27,12,0,0,0,2,2,0,0,0,0,0,0,0,0,0,0,0
0,0,0,0,0,0,0,0,0,6,0,0,0,0,0,0,0,0,0,0,0,0,0,0,0
0,0,0,0,0,0,0,0,0,0,0,0,0,0,0,0,0,0,0,0,0,0,0,0,0
0,0,0,0,0,0,0,0,0,7,0,0,0,0,0,0,1,1,0,2,0,0,0,0,0
0,0,0,0,0,0,0,0,8,4,0,0,0,0,0,0,0,0,0,0,0,0,0,0,0
0,0,0,0,0,0,0,0,9,1,0,15,4,4,0,0,0,0,0,0,0,0,0,0,0
0,0,0,0,0,0,0,0,0,22,1,0,0,16,0,0,0,0,0,0,0,0,0,0,0
0,0,0,0,0,0,5,2,0,8,0,0,0,0,0,0,0,0,0,0,0,0,0,0,0
0,0,0,0,0,0,0,2,10,2,0,0,2,5,0,0,0,0,0,0,0,0,0,0,0
0,0,0,0,0,0,5,33,0,0,0,0,0,0,0,0,0,0,0,0,0,0,0,0,0
0,0,0,0,0,0,0,0,4,1,8,1,11,17,0,0,0,0,0,0,0,0,0,0,0
0,0,0,0,0,0,0,0,0,0,15,72,0,0,0,0,0,0,0,0,0,0,0,0,0
0,0,0,0,0,0,0,0,0,0,0,0,0,0,0,0,0,0,0,0,0,0,0,0,0
0,0,0,0,0,0,0,0,1,0,0,13,1,0,0,0,0,0,0,0,0,0,0,0,0
0,0,0,0,0,0,0,0,4,0,0,0,0,0,0,0,0,0,0,0,0,0,0,0,0
0,0,0,0,0,0,0,0,5,0,1,0,0,0,0,0,0,0,0,0,0,0,0,0,0
0,0,0,0,0,0,0,0,0,0,0,0,0,0,8,1,0,0,0,0,0,0,0,0,0
0,0,0,0,0,0,0,0,15,4,20,10,0,0,0,0,0,0,0,0,0,0,0,0,0
0,0,0,0,0,0,0,0,6,2,0,0,0,0,0,0,0,0,0,0,0,0,0,0,0
0,0,0,0,0,0,0,0,0,29,6,7,1,1,1,0,0,0,0,0,0,0,0,0,0
0,0,0,0,0,0,0,17,13,2,1,2,4,5,1,0,0,0,0,0,0,0,0,0,0
0,0,0,0,0,0,0,0,0,0,0,0,0,0,0,0,0,0,0,0,0,0,0,0,0
0,0,0,0,0,0,0,0,0,0,0,0,4,23,0,0,0,1,0,0,0,0,0,0,0
0,0,0,0,0,0,0,0,17,19,3,5,0,0,0,0,0,0,0,0,0,0,0,0,0
0,0,0,0,0,0,0,0,0,0,0,0,0,0,0,0,0,0,0,0,0,0,0,0,0
0,0,0,0,0,0,0,0,0,6,3,0,3,1,0,1,0,0,0,0,0,0,0,0,0
0,0,0,0,0,0,0,0,3,0,3,0,2,0,0,0,0,0,0,0,0,0,0,0,0
0,0,0,0,0,0,0,0,0,4,3,0,2,37,0,0,0,0,0,0,0,0,0,0,0
0,0,0,0,0,0,0,1,1,3,0,0,0,0,0,0,0,0,0,0,0,0,0,0,0
0,0,0,0,0,0,2,0,0,3,0,0,0,0,0,0,0,0,0,0,0,0,0,0,0
0,0,0,0,0,0,0,0,1,18,0,0,1,1,0,0,0,0,0,0,0,0,0,0,0
0,0,0,0,0,0,0,0,0,2,0,0,0,12,0,0,0,0,0,0,0,0,0,0,0
0,0,0,0,0,0,9,6,18,0,0,0,0,12,0,0,0,0,0,0,0,0,0,0,0
0,0,0,0,0,0,0,0,9,5,3,0,0,0,0,0,0,0,0,0,0,0,0,0,0
0,0,0,0,0,0,4,0,7,0,0,0,0,0,0,0,0,0,0,0,0,0,0,0,0
0,0,0,0,0,0,0,0,0,6,0,0,0,0,0,0,0,0,0,0,0,0,0,0,0
0,0,0,0,0,0,0,2,0,0,0,0,0,0,0,0,0,0,0,0,0,0,0,0,0
0,0,0,0,0,0,0,0,2,0,0,5,15,11,0,0,0,0,0,0,0,0,0,0,0
0,0,0,0,0,0,37,14,0,0,0,0,0,0,0,0,0,0,0,0,0,0,0,0,0
0,0,0,0,0,0,0,3,8,0,10,0,0,0,0,0,0,0,0,0,0,0,0,0,0
0,0,0,0,0,0,0,0,8,10,11,5,9,8,0,0,0,0,0,0,0,0,0,0,0
0,0,0,0,0,0,0,0,3,0,2,7,2,0,0,0,0,0,0,0,0,0,0,0,0
0,0,0,0,0,0,18,6,1,0,0,0,0,0,0,0,0,0,0,0,0,0,0,0,0
0,0,0,0,0,0,0,0,0,5,0,0,0,0,0,0,0,0,0,0,0,0,0,0,0
0,0,0,0,0,0,0,17,14,1,0,0,0,4,0,0,0,0,0,0,0,0,0,0,0
0,0,0,0,0,0,0,0,48,0,15,22,7,117,0,0,0,0,0,0,0,0,0,0,0
0,0,0,0,0,0,0,0,1,0,5,0,22,15,0,0,0,0,0,0,0,0,0,0,0
0,0,0,0,0,0,0,0,0,0,0,0,0,0,0,0,0,0,0,0,0,0,0,0,0
0,0,0,0,0,0,0,0,7,0,6,2,0,0,0,0,0,0,0,0,0,0,0,0,0
0,0,0,0,0,0,0,20,29,44,26,61,5,0,0,0,0,0,0,0,0,0,0,0,0
0,0,0,0,0,0,0,0,48,17,4,0,0,0,0,0,0,0,0,0,0,0,0,0,0
0,0,0,0,0,0,0,0,0,8,10,15,1,2,13,0,0,0,0,0,0,0,0,0,0
0,0,0,0,0,0,0,0,0,0,0,39,0,11,0,0,0,0,0,0,0,0,0,0,0
0,0,0,0,0,0,0,0,0,2,0,0,0,0,0,6,0,0,0,0,0,0,0,0,0
0,0,0,0,0,0,0,0,0,5,0,0,0,1,0,0,0,0,0,0,0,0,0,0,0
0,0,0,0,0,0,0,0,7,26,9,4,0,0,0,0,0,0,0,0,0,0,0,0,0
0,0,0,0,0,0,0,0,2,3,6,2,2,13,3,3,0,0,0,0,0,0,0,0,0
0,0,0,0,0,0,0,0,9,0,0,25,12,24,11,9,7,2,1,2,0,0,0,0,0
0,0,0,0,0,0,0,0,0,0,5,0,1,2,0,0,0,0,0,0,0,0,0,0,0
0,0,0,0,0,0,0,0,0,0,0,0,0,0,0,0,0,0,0,0,0,0,0,0,0
0,0,0,0,0,0,0,0,10,6,5,1,0,0,0,0,0,0,0,1,0,0,0,0,0
0,0,0,0,0,0,0,0,0,0,8,0,0,0,0,0,0,0,0,0,0,0,0,0,0
0,0,0,0,0,0,0,7,4,0,1,0,0,0,0,0,1,2,0,0,0,0,0,0,0
0,0,0,0,0,0,2,7,11,15,0,2,0,0,0,0,0,0,0,0,0,0,0,0,0
0,0,0,0,0,0,0,0,60,46,19,0,0,0,0,0,0,0,0,0,0,0,0,0,0
0,0,0,0,0,0,0,0,6,0,0,0,0,0,0,0,32,0,0,0,0,0,0,0,0
0,0,0,0,0,0,0,0,0,0,0,7,0,50,39,13,13,3,0,2,0,0,0,0,0
0,0,0,0,0,0,0,0,9,10,4,0,0,0,0,0,0,0,0,0,0,0,0,0,0
0,0,0,0,0,0,0,0,0,40,0,1,0,0,0,0,0,0,0,0,0,0,0,0,0
0,0,0,0,0,0,0,0,4,11,3,0,3,4,4,2,10,1,9,8,1,0,0,0,0
0,0,0,0,0,0,0,0,0,6,5,4,1,4,0,0,0,0,0,0,0,0,0,0,0
0,0,0,0,0,0,0,0,0,0,0,0,0,0,0,0,1,0,0,0,0,0,0,0,0
0,0,0,0,0,0,0,0,8,0,1,0,0,0,0,0,0,19,0,0,0,0,0,0,0
0,0,0,0,0,0,0,4,0,0,0,0,0,0,0,0,0,0,0,0,0,0,0,0,0
0,0,0,0,0,0,0,0,1,9,0,0,9,3,0,0,0,0,0,0,0,0,0,0,0
0,0,0,0,0,0,0,0,32,11,2,1,0,4,0,0,0,0,0,0,0,0,0,0,0
0,0,0,0,0,0,0,0,20,44,23,12,6,18,14,13,18,37,0,0,0,1,0,0,0
0,0,0,0,0,0,0,0,10,7,30,0,0,0,0,0,0,0,0,0,0,0,0,0,0
0,0,0,0,0,0,0,0,0,83,2,0,0,0,0,0,0,0,0,0,0,0,0,0,0
0,0,0,0,0,0,0,0,0,0,5,18,7,21,0,0,0,0,0,0,0,0,0,0,0
0,0,0,0,0,0,0,0,0,0,16,0,0,0,0,0,0,0,0,0,0,0,0,0,0
0,0,0,0,0,0,0,0,0,0,4,1,0,2,0,9,12,0,0,1,0,0,0,0,0
0,0,0,0,0,0,2,20,0,0,3,0,0,0,0,0,0,0,0,0,0,0,0,0,0
0,0,0,0,0,0,0,10,18,3,12,1,5,11,5,0,0,0,0,0,0,0,0,0,0
0,0,0,0,0,0,0,0,0,0,0,0,0,0,0,8,3,0,0,0,0,0,0,0,0
0,0,0,0,0,0,0,0,23,3,17,14,37,30,1,2,0,0,0,0,0,0,0,0,0
0,0,0,0,0,0,0,0,0,0,0,5,19,2,0,0,0,0,0,0,0,0,0,0,0
0,0,0,0,0,0,0,14,13,0,0,0,0,0,0,0,0,0,0,0,0,0,0,0,0
0,0,0,0,0,0,0,1,0,0,0,0,0,0,0,0,1,0,0,0,0,0,0,0,0
0,0,0,0,0,0,0,14,26,0,0,0,6,6,0,0,0,0,0,0,0,0,0,0,0
0,0,0,0,0,0,0,0,14,0,0,1,3,3,0,0,0,0,0,0,0,4,0,0,0
0,0,0,0,0,0,0,0,0,21,0,0,12,8,0,0,0,0,0,0,0,0,0,0,0
0,0,0,0,0,0,0,0,0,0,0,0,1,5,0,0,0,0,0,0,0,0,0,0,0
0,0,0,0,0,0,20,2,0,0,0,0,0,0,0,0,0,0,0,0,0,0,0,0,0
0,0,0,0,0,0,0,0,0,0,0,0,0,0,0,0,0,0,0,0,0,0,0,0,0
0,0,0,0,0,0,2,11,0,3,1,0,0,0,0,0,0,0,0,0,0,0,0,0,0
0,0,0,0,0,0,0,0,3,4,0,0,0,3,20,0,0,0,0,0,0,0,0,0,0
0,0,0,0,0,0,0,0,0,0,0,3,0,4,0,2,1,0,0,0,0,0,0,0,0
0,0,0,0,0,0,0,0,0,4,0,7,10,19,11,0,0,0,0,0,0,0,0,0,0
0,0,0,0,0,0,0,0,0,0,0,8,92,18,0,0,0,0,0,0,0,0,0,0,0
0,0,0,0,0,0,0,0,0,2,4,6,6,59,2,2,0,1,4,1,0,0,0,0,0
0,0,0,0,0,0,0,0,0,16,7,10,0,0,0,0,0,0,0,1,0,0,0,0,0
0,0,0,0,0,0,0,0,0,6,2,0,0,0,0,0,0,0,0,0,0,0,0,0,0
0,0,0,0,0,0,0,0,0,15,11,10,14,10,6,2,0,0,0,0,0,0,0,0,0
0,0,0,0,0,0,3,8,11,46,24,1,0,0,0,0,0,0,0,0,0,0,0,0,0
0,0,0,0,0,0,0,0,6,0,5,4,19,4,2,1,0,0,0,0,0,0,0,0,0
0,0,0,0,0,0,20,2,0,0,0,0,0,3,0,0,0,0,0,0,0,0,0,0,0
0,0,0,0,0,0,0,2,27,0,0,0,0,0,0,0,0,0,0,0,0,0,0,0,0
0,0,0,0,0,0,0,0,0,0,0,0,0,0,0,0,0,0,0,0,0,0,0,0,0
0,0,0,0,0,0,0,0,1,0,11,2,0,0,0,0,0,0,0,4,0,0,0,0,0
0,0,0,0,0,0,23,0,6,17,5,0,0,0,0,0,0,0,0,0,0,0,0,0,0
0,0,0,0,0,0,0,0,12,1,0,0,0,0,0,0,0,0,0,0,0,0,0,0,0
0,0,0,0,0,0,1,1,3,7,20,1,7,11,3,3,10,0,1,0,0,0,0,0,0
0,0,0,0,0,0,0,0,10,28,50,16,9,9,0,0,0,0,0,0,0,0,0,0,0
0,0,0,0,0,57,0,0,0,0,0,0,0,0,0,0,0,0,0,0,0,0,0,0,0
0,0,0,0,0,0,0,1,1,0,0,0,0,0,0,0,0,0,0,0,0,0,0,0,0
0,0,0,0,0,0,0,0,127,0,0,0,0,0,0,0,0,0,0,0,0,0,0,0,0
0,0,0,0,0,0,0,0,5,28,7,0,1,9,5,6,0,0,0,0,1,1,0,0,0
0,0,0,0,0,0,0,0,0,0,1,0,0,0,0,0,0,0,0,0,0,0,0,0,0
0,0,0,0,0,3,0,0,0,0,0,0,0,0,0,0,0,0,0,0,0,0,0,0,0
0,0,0,0,0,0,0,0,12,18,3,0,0,0,0,0,0,0,0,0,0,0,0,0,0
0,0,0,0,0,0,0,0,5,0,7,9,1,18,0,0,0,0,0,0,0,0,0,0,0
0,0,0,0,0,0,0,0,20,5,5,0,0,0,0,2,0,0,0,0,0,0,0,0,0
0,0,0,0,0,0,0,0,0,0,0,1,1,0,0,0,0,0,0,0,0,0,0,0,0
0,0,0,0,0,0,0,0,0,0,0,3,14,26,0,0,0,0,0,0,0,0,0,0,0
0,0,0,0,0,0,0,0,16,7,0,0,2,9,0,1,0,0,0,0,0,0,0,0,0
0,0,0,0,0,0,0,0,0,9,0,1,2,0,0,0,0,3,0,0,0,0,0,0,0
0,0,0,0,0,0,0,15,28,27,10,0,0,4,0,0,0,0,0,0,0,0,0,0,0
0,0,0,0,0,0,0,0,0,0,0,0,0,0,0,0,0,0,0,0,0,2,0,0,0
0,0,0,0,0,0,0,0,10,2,1,0,0,1,0,0,0,0,0,0,0,0,0,0,0
0,0,0,0,0,0,0,0,3,0,0,0,0,0,8,5,0,0,0,0,0,0,0,0,0
0,0,0,0,0,0,0,0,10,5,1,8,1,1,6,0,0,0,0,1,1,0,0,0,0
0,0,0,0,0,0,0,0,4,0,0,2,2,0,0,0,0,0,0,0,0,0,0,0,0
0,0,0,0,0,0,0,0,7,7,8,5,6,12,0,0,0,0,0,0,0,0,0,0,0
0,0,0,0,0,0,0,0,0,49,8,9,0,0,0,1,1,0,0,0,0,0,0,0,0
0,0,0,0,0,0,0,0,0,0,2,0,0,12,0,0,0,0,0,0,0,0,0,0,0
0,0,0,0,0,0,0,0,0,2,0,0,5,0,0,0,0,0,0,0,0,0,0,0,0
0,0,0,0,0,0,0,0,0,0,3,12,0,4,0,0,0,1,0,0,0,1,0,0,0
0,0,0,0,0,0,0,0,35,16,0,0,0,0,0,0,0,0,0,0,0,0,0,0,0
0,0,0,0,0,0,0,0,0,0,0,0,0,0,0,0,0,0,0,0,0,0,0,0,0
0,0,0,0,0,0,0,0,8,9,0,0,0,0,0,0,0,0,0,0,0,0,0,0,0
0,0,0,0,0,0,0,0,4,2,1,6,0,0,0,2,0,0,0,0,0,0,0,0,0
0,0,0,0,0,0,0,0,6,0,2,0,3,3,0,0,0,0,0,0,0,0,0,0,0
0,0,0,0,0,0,5,0,0,3,4,0,0,0,0,0,0,0,0,0,0,0,0,0,0
0,0,0,0,0,0,0,0,3,25,1,0,0,2,0,0,0,0,0,0,0,0,0,0,0
0,0,0,0,0,0,0,0,0,0,0,0,0,0,0,0,0,0,0,0,0,0,0,0,0
0,0,0,0,0,0,0,0,0,0,0,3,11,7,1,0,0,0,0,0,0,0,0,0,0
0,0,0,0,0,0,6,3,8,4,12,0,0,2,0,0,0,0,0,0,0,0,0,0,0
0,0,0,0,0,0,0,0,4,5,1,1,1,1,0,0,0,0,0,0,0,0,0,0,0
0,0,0,0,0,0,0,1,0,3,0,0,0,1,0,0,0,0,0,0,0,0,0,0,0
0,0,0,0,0,0,0,0,0,5,0,0,0,0,0,0,0,0,0,0,0,0,0,0,0
0,0,0,0,0,0,0,0,1,10,0,0,0,0,0,1,0,0,0,0,0,0,0,0,0
0,0,0,0,0,0,0,0,3,7,31,0,0,0,0,0,0,0,0,0,0,1,0,0,0
0,0,0,0,0,0,0,20,20,39,4,0,0,0,0,0,0,0,0,0,0,0,0,0,0
0,0,0,0,0,0,0,0,7,0,0,0,0,0,0,0,0,0,2,11,0,33,0,0,0
0,0,0,0,0,0,0,0,0,0,0,0,18,38,15,0,1,0,0,0,0,0,0,0,0
0,0,0,0,0,0,0,0,0,0,0,0,0,0,0,0,5,0,3,0,0,0,0,0,0
0,0,0,0,0,0,0,0,0,0,0,0,0,0,0,0,0,0,0,0,0,0,0,0,0
0,0,0,0,0,0,0,0,13,3,0,4,2,2,0,0,0,0,0,0,0,0,0,0,0
0,0,0,0,0,0,0,0,3,5,0,36,6,10,4,1,0,3,0,0,0,0,0,0,0
0,0,0,0,0,0,0,0,0,0,0,0,0,0,0,0,0,0,0,0,0,0,0,0,0
0,0,0,0,0,0,0,0,1,0,0,0,15,41,0,0,0,0,0,0,0,0,0,0,0
0,0,0,0,0,51,14,0,0,0,0,0,0,0,0,0,0,0,0,0,0,0,0,0,0
0,0,0,0,0,0,0,0,3,0,0,82,16,13,1,0,0,0,0,0,0,0,0,0,0
0,0,0,0,0,0,0,50,48,0,0,0,0,0,0,0,0,0,0,0,0,0,0,0,0
0,0,0,0,0,0,0,0,12,2,0,3,0,0,0,0,0,0,2,0,0,0,0,0,0
0,0,0,0,0,0,0,0,0,5,0,0,0,0,0,0,0,0,0,0,0,0,0,0,0
0,0,0,0,0,0,0,0,2,0,0,8,0,0,0,0,0,0,0,0,0,0,0,0,0
0,0,0,0,0,0,0,0,27,29,2,0,5,0,0,0,0,0,0,0,0,0,0,0,0
0,0,0,0,0,0,0,4,5,0,12,0,0,5,0,0,0,0,0,0,0,0,0,0,0
0,0,0,0,0,0,20,20,17,42,7,3,2,18,0,0,0,1,0,3,1,0,0,0,0
0,0,0,0,0,0,4,0,0,0,0,1,3,5,0,0,0,0,0,0,0,0,0,0,0
0,0,0,5,6,12,0,0,0,0,0,0,0,0,0,0,0,0,0,0,0,0,0,0,0
0,0,0,0,0,0,0,0,0,0,0,0,0,0,0,0,0,0,5,0,0,0,0,0,0
0,0,0,0,0,0,0,0,0,0,2,0,0,0,0,0,0,0,0,0,0,0,0,0,0
0,0,0,0,0,0,0,0,5,2,0,0,0,0,0,0,0,0,0,0,0,0,0,0,0
0,0,0,0,0,0,0,0,0,0,0,3,0,0,2,11,0,0,0,0,0,0,0,0,0
0,0,0,0,0,0,0,0,5,25,25,18,0,1,1,10,1,0,0,0,1,0,0,0,0
0,0,0,0,0,0,8,19,26,6,9,2,15,11,0,1,0,1,0,0,0,0,0,0,0
0,0,0,0,0,0,12,20,0,0,0,0,0,0,0,0,0,0,0,0,0,0,0,0,0
0,0,0,0,0,0,0,0,0,0,0,0,0,0,0,0,0,0,0,0,0,0,0,0,0
0,0,0,0,0,0,0,0,3,0,0,0,0,0,0,0,0,0,13,0,0,2,0,0,0
0,0,0,0,0,0,0,0,0,0,0,0,0,0,0,0,0,0,0,0,0,0,0,0,0
0,0,0,0,0,0,0,4,0,0,0,2,0,0,0,0,0,0,0,0,0,0,0,0,0
0,0,0,0,0,0,0,0,43,0,0,0,0,0,0,5,0,0,0,0,0,0,0,0,0
0,0,0,0,0,0,0,0,0,0,0,0,0,0,0,0,3,0,0,0,0,0,0,0,0
0,0,0,0,0,0,0,22,53,13,0,0,0,0,0,0,0,0,0,0,0,0,0,0,0
0,0,0,0,0,0,0,3,1,3,0,0,0,0,0,0,0,0,0,0,0,0,0,0,0
0,0,0,0,0,0,0,0,0,0,0,0,0,0,0,0,0,0,0,0,0,0,0,0,0
0,0,0,0,0,0,0,0,9,0,0,0,0,0,0,0,0,0,0,0,0,0,0,0,0
0,0,0,0,0,0,0,12,7,6,6,0,0,0,0,0,0,0,0,0,0,0,0,0,0
0,0,0,0,0,0,5,14,9,1,0,0,0,0,0,0,0,0,0,0,0,0,0,0,0
0,0,0,0,0,0,34,19,17,12,4,7,0,0,0,0,0,0,0,0,0,0,0,0,0
0,0,0,0,0,0,0,0,17,11,11,31,16,12,0,1,0,0,0,0,0,0,0,0,0
0,0,0,0,0,0,0,0,0,1,0,0,0,0,0,0,0,0,0,10,13,2,0,0,0
0,0,0,0,0,0,0,0,0,14,7,0,0,0,0,0,0,0,0,0,0,0,0,0,0
0,0,0,0,0,0,0,0,19,1,0,0,0,0,0,0,0,0,0,0,0,0,0,0,0
0,0,0,0,0,0,0,0,8,14,6,0,0,0,0,0,0,0,0,0,0,0,0,0,0
0,0,0,0,0,0,0,0,10,3,0,1,2,5,1,0,0,0,0,0,0,0,0,0,0
0,0,0,0,0,0,0,0,48,24,32,3,0,4,0,0,0,0,0,0,0,0,0,0,0
0,0,0,0,0,0,0,0,7,7,3,17,11,16,0,0,0,0,0,0,0,0,0,0,0
0,0,0,0,0,0,0,0,5,0,0,0,0,0,6,0,0,0,0,0,0,0,0,0,0
0,0,0,0,0,0,1,0,0,0,0,0,0,0,0,0,0,0,0,0,0,0,0,0,0
0,0,0,0,0,0,0,0,0,10,10,4,0,0,0,0,0,2,0,0,0,0,0,0,0
0,0,0,0,0,0,0,0,0,0,0,0,0,0,0,0,0,0,0,1,0,0,0,0,0
0,0,0,0,0,0,0,0,19,2,0,0,0,0,0,0,0,0,0,0,0,0,0,0,0
0,0,0,0,0,0,0,0,0,0,0,1,0,0,0,0,0,0,0,0,0,0,0,0,0
0,0,0,0,0,0,0,0,0,3,10,2,0,21,0,0,0,0,0,0,0,0,0,0,0
0,0,0,0,0,0,0,0,0,1,4,10,10,10,0,0,0,0,0,0,0,0,0,0,0
0,0,0,0,0,0,0,0,0,4,13,1,0,0,0,0,0,0,0,0,0,0,0,0,0
0,0,0,0,0,0,0,0,7,15,10,1,0,0,0,0,0,0,0,0,0,0,0,0,0
0,0,0,0,0,0,0,0,0,0,0,0,0,0,0,0,10,0,0,10,0,0,0,0,0
0,0,0,0,0,0,0,0,0,0,0,0,17,26,14,7,0,0,0,0,0,0,0,0,0
0,0,0,0,0,0,0,7,3,1,0,2,0,0,0,0,0,0,0,0,0,0,0,0,0
0,0,0,0,0,0,0,0,9,21,8,7,2,5,0,0,0,0,0,0,0,0,0,0,0
0,0,0,0,0,0,0,0,12,15,1,0,0,0,0,0,0,0,0,0,0,0,0,0,0
0,0,0,0,0,0,0,0,0,11,1,0,0,0,0,0,0,0,0,0,0,0,0,0,0
0,0,0,0,0,0,0,34,0,0,0,0,0,0,0,0,0,0,0,0,0,0,0,0,0
0,0,0,0,0,0,0,0,0,4,4,0,0,0,0,0,0,0,0,0,0,0,0,0,0
0,0,0,0,0,0,25,5,0,0,0,0,0,0,0,0,0,0,0,0,0,0,0,0,0
0,0,0,0,0,0,38,21,24,1,29,3,3,2,0,0,0,0,0,0,0,0,0,0,0
0,0,0,0,0,28,13,44,0,10,16,11,45,4,2,0,0,0,0,0,0,0,0,0,0
0,0,0,0,0,0,0,3,15,19,11,4,5,1,0,0,0,0,0,0,0,0,0,0,0
0,0,0,0,0,0,0,0,20,14,3,8,1,1,0,0,0,1,0,3,1,0,0,0,0
0,0,0,0,0,0,0,9,0,16,2,2,4,11,0,0,0,0,0,0,0,0,0,0,0
0,0,0,0,0,0,2,6,2,1,2,2,1,1,2,0,0,0,0,0,0,0,0,0,0
0,0,0,0,0,0,2,0,5,0,0,0,0,0,0,0,0,0,0,0,0,0,0,0,0
0,0,0,0,0,0,0,0,1,21,4,0,0,0,0,0,0,0,0,0,0,0,0,0,0
0,0,0,0,0,0,0,0,0,0,0,0,0,0,0,0,1,0,0,0,0,0,0,0,0
0,0,0,0,0,0,0,0,4,18,2,0,0,4,0,0,0,0,0,0,0,0,0,0,0
0,0,0,0,0,0,0,16,1,0,1,0,0,0,0,0,0,0,0,0,0,0,0,0,0
0,0,0,0,0,0,3,0,0,4,0,0,0,0,0,0,0,0,0,0,0,0,0,0,0
0,0,0,0,0,0,0,0,1,33,14,5,0,2,0,0,0,0,0,0,0,0,0,0,0
0,0,0,0,0,0,0,0,4,34,13,13,32,24,37,0,0,0,0,0,0,0,0,0,0
0,0,0,0,0,0,0,0,5,3,0,0,0,0,0,0,0,0,0,0,0,0,0,0,0
0,0,0,0,0,0,0,0,8,27,3,23,0,0,0,0,0,0,0,0,0,0,0,0,0
0,0,0,0,0,0,0,0,0,0,26,4,0,17,0,0,0,0,0,0,0,0,0,0,0
0,0,0,0,0,0,0,0,0,0,0,0,0,0,0,0,0,0,0,0,0,0,0,0,0
0,0,0,0,0,0,0,0,0,0,3,0,6,0,3,1,8,1,0,0,0,0,0,0,0
0,0,0,0,0,0,0,0,7,47,7,0,0,4,0,0,0,0,0,0,0,0,0,0,0
0,0,0,0,0,0,0,0,0,0,0,0,0,0,0,0,0,0,0,0,0,0,0,0,0
0,0,0,0,0,0,0,0,0,0,0,31,3,3,1,0,0,0,0,0,0,0,0,0,0
0,0,0,0,0,0,0,0,0,0,19,0,2,2,0,0,0,0,0,0,0,0,0,0,0
0,0,0,0,0,0,0,0,0,37,1,0,0,0,0,0,0,0,0,0,0,0,0,0,0
0,0,0,0,0,0,4,0,2,19,0,0,2,3,1,4,0,0,0,0,0,0,0,0,0
0,0,0,0,0,0,8,12,5,3,1,2,21,21,0,0,0,0,0,0,0,0,0,0,0
0,0,0,0,0,0,0,20,20,12,4,16,16,39,0,0,0,0,0,0,0,0,0,0,0
0,0,0,0,0,0,0,0,0,0,0,0,0,0,0,0,0,0,0,8,0,0,0,0,0
0,0,12,0,0,0,0,0,1,0,0,0,0,0,0,0,0,0,0,0,0,0,0,0,0
0,0,0,0,0,0,0,0,9,11,1,11,5,19,0,0,0,0,0,0,0,0,0,0,0
0,0,0,0,0,0,0,0,0,0,11,10,25,17,0,0,0,0,0,0,0,0,0,0,0
0,0,0,0,0,0,0,11,24,0,3,0,0,0,0,0,0,0,0,0,0,0,0,0,0
0,0,0,0,0,0,0,10,13,28,15,4,2,5,0,1,0,0,0,0,0,0,0,0,0
0,0,0,0,0,0,0,0,3,0,0,0,0,20,0,0,0,0,0,0,0,0,0,0,0
0,0,0,0,0,0,0,0,8,25,35,3,20,42,5,0,0,0,0,0,5,0,0,0,0
0,0,0,0,0,0,9,33,0,8,1,0,0,0,0,0,0,0,0,0,0,0,0,0,0
0,0,0,0,0,0,19,20,0,0,0,0,0,0,0,0,0,0,0,0,0,0,0,0,0
0,0,0,0,0,0,5,0,0,3,0,0,0,0,0,0,0,0,0,0,0,0,0,0,0
0,0,0,0,0,0,1,16,27,7,1,4,0,0,0,0,0,0,0,0,0,0,0,0,0
0,0,0,0,0,0,0,0,2,2,0,8,29,47,15,0,0,0,0,0,0,0,0,0,0
0,0,0,0,0,0,0,0,5,3,0,2,5,3,0,0,0,0,0,0,0,0,0,0,0
0,0,0,0,0,0,0,0,0,2,15,0,0,0,0,0,0,0,0,0,0,0,0,0,0
0,0,0,0,0,0,0,0,0,1,16,0,2,11,19,26,22,1,0,0,0,0,0,0,0
0,0,0,0,0,0,0,0,22,23,1,0,0,0,2,0,2,0,0,0,0,0,0,0,0
0,0,0,0,0,0,0,0,0,0,4,0,0,0,0,0,0,0,19,20,0,0,0,0,0
0,0,0,0,0,0,0,0,0,0,0,17,29,0,0,0,0,0,0,0,0,0,0,0,0
0,0,0,0,0,0,0,0,0,6,0,3,0,7,0,0,17,7,0,0,0,0,0,0,0
0,0,0,0,0,0,32,12,0,0,0,0,0,0,0,0,0,0,0,0,0,0,0,0,0
0,0,0,0,0,0,0,0,2,0,1,0,0,0,0,0,0,0,0,0,0,0,0,0,0
0,0,0,0,0,0,0,0,1,0,8,0,0,3,0,0,0,0,0,0,0,0,0,0,0
0,0,0,0,0,0,0,0,11,0,0,0,0,0,0,0,0,0,0,0,0,0,0,0,0
0,0,0,0,0,0,0,0,0,2,1,2,0,0,1,3,0,0,0,0,0,0,0,0,0
0,0,0,0,0,0,0,0,0,4,1,2,2,15,16,22,0,0,0,0,0,0,0,0,0
0,0,0,0,0,0,2,0,6,8,0,0,0,0,0,0,0,0,0,0,0,0,0,0,0
0,0,0,0,0,0,0,5,0,8,0,0,0,0,0,0,0,0,0,0,0,0,0,0,0
0,0,0,0,0,0,3,5,1,0,0,0,0,0,0,0,0,0,0,0,0,0,0,0,0
0,0,0,0,0,0,8,0,0,3,0,0,7,14,0,0,0,0,0,0,0,0,0,0,0
0,7,6,0,0,0,3,0,0,0,0,0,0,0,0,0,0,0,0,0,0,0,0,0,0
0,0,0,0,0,0,0,0,0,4,8,41,0,0,0,0,0,0,0,0,0,0,0,0,0
0,0,0,0,0,0,0,0,5,0,0,0,1,1,4,0,0,0,0,0,0,0,0,0,0
0,0,0,0,0,0,0,0,0,20,7,1,2,3,7,2,0,0,0,0,0,0,0,0,0
0,0,0,0,0,0,0,0,0,6,9,5,11,27,1,3,13,12,15,11,10,0,0,0,0
0,0,0,0,0,0,0,8,7,0,0,2,1,2,0,0,0,0,0,0,0,0,0,0,0
0,0,0,0,0,0,0,0,0,21,1,0,0,2,0,0,0,0,0,0,0,0,0,0,0
0,0,0,0,0,0,0,74,11,15,10,0,0,4,5,0,0,0,0,0,0,0,0,0,0
0,0,0,0,0,0,0,2,8,9,0,1,0,9,0,0,0,0,0,0,0,0,0,0,0
0,0,0,0,0,0,0,0,5,13,1,7,15,21,2,0,0,0,0,1,0,0,0,0,0
0,0,0,0,0,0,0,0,25,26,21,0,0,0,0,0,0,0,0,0,0,0,0,0,0
0,0,0,0,0,0,0,0,0,0,11,0,0,0,0,0,0,0,0,0,0,0,0,0,0
0,0,0,0,0,0,0,0,0,25,10,4,0,0,2,0,0,0,0,0,0,0,0,0,0
0,0,0,0,0,0,0,0,21,24,8,17,10,4,0,0,0,0,0,0,0,0,0,0,0
0,0,0,0,0,0,0,0,27,2,0,0,0,0,0,0,0,0,0,0,0,0,0,0,0
0,0,0,0,0,0,0,0,0,0,0,0,0,0,0,0,4,0,0,0,0,0,0,0,0
0,0,0,0,0,0,0,18,4,0,0,0,0,0,0,0,0,0,0,0,0,0,0,0,0
0,0,0,0,0,0,0,0,0,8,6,0,0,0,0,0,0,0,0,0,0,0,0,0,0
0,0,0,0,0,0,0,0,1,17,0,0,13,29,4,3,8,6,9,9,8,4,0,0,0
0,0,0,0,0,0,9,4,15,24,2,11,9,6,0,1,0,0,0,0,0,0,0,0,0
0,0,0,0,0,0,0,0,0,0,0,0,11,25,0,0,0,0,0,0,0,0,0,0,0
0,0,0,0,0,0,0,2,3,0,0,0,0,0,0,0,0,5,4,0,0,0,0,0,0
0,0,0,0,0,0,3,0,2,9,10,15,0,2,0,0,0,0,0,0,0,0,0,0,0
0,0,0,0,0,0,9,42,29,0,0,0,0,0,0,0,0,0,0,0,0,0,0,0,0
0,0,0,0,0,0,0,0,1,7,0,7,0,2,0,2,0,0,0,0,0,0,0,0,0
0,0,0,0,0,0,0,0,0,0,0,0,0,0,0,0,0,0,0,0,0,0,0,0,0
0,0,0,0,0,0,0,0,0,0,0,0,0,0,0,0,0,0,0,0,0,0,0,0,0
0,0,0,0,0,0,0,0,6,4,4,0,0,0,0,0,0,0,0,0,0,0,0,0,0
0,0,0,0,0,0,0,0,0,7,3,0,0,0,9,8,0,0,0,0,0,0,0,0,0
0,0,0,0,0,0,24,20,11,0,0,0,0,0,0,0,0,0,0,0,0,0,0,0,0
0,0,0,0,0,0,0,0,0,15,0,3,0,0,0,0,9,14,7,0,0,0,0,0,0
0,0,0,0,0,0,0,0,0,0,0,0,0,0,0,0,0,0,0,0,0,0,0,0,0
0,0,0,0,0,0,0,0,13,0,1,10,0,0,0,0,0,0,0,0,0,0,0,0,0
0,0,0,0,0,0,0,0,0,21,0,0,0,0,0,0,0,0,0,0,0,0,0,0,0
0,0,0,0,0,0,0,0,20,12,16,3,13,20,7,0,2,0,0,0,0,0,0,0,0
0,0,0,0,0,0,0,1,9,13,13,0,0,0,0,0,0,0,0,0,0,0,0,0,0
0,0,0,0,0,0,0,0,0,0,0,0,0,0,0,0,0,0,0,0,0,1,0,0,0
0,0,0,0,0,0,0,0,0,0,0,0,0,0,0,0,3,5,0,0,0,0,0,0,0
0,0,0,0,0,0,0,0,0,0,0,0,0,0,0,0,0,0,0,0,0,0,0,0,0
0,0,0,0,0,0,0,0,21,2,0,0,0,0,0,0,0,0,0,0,0,0,0,0,0
0,0,0,0,0,0,0,0,0,0,0,0,0,4,5,0,0,6,0,0,0,0,0,0,0
0,0,0,0,0,0,0,0,31,0,0,0,0,0,0,0,0,0,0,0,18,0,0,0,0
0,0,0,0,0,0,0,0,3,26,4,6,1,5,0,0,0,0,0,0,0,0,0,0,0
0,0,0,0,0,0,0,0,0,0,0,0,3,3,0,0,0,0,0,0,0,0,0,0,0
0,0,0,0,0,0,0,15,4,19,18,1,0,0,1,0,0,0,0,0,0,0,0,0,0
0,0,0,0,0,0,0,0,0,0,4,9,2,2,0,0,0,0,0,0,5,0,0,0,0
0,0,0,0,0,0,10,5,14,4,0,0,0,0,0,0,0,0,0,0,0,0,0,0,0
0,0,0,0,0,0,0,0,17,43,10,0,1,0,0,0,0,0,0,0,0,0,0,0,0
0,0,0,0,0,0,0,2,0,0,6,0,0,0,0,0,0,0,0,0,0,0,0,0,0
0,0,0,0,0,0,0,15,16,5,4,0,1,1,0,0,0,0,0,0,0,0,0,0,0
0,0,0,0,0,0,0,0,25,2,0,0,0,0,0,0,3,1,0,0,0,0,0,0,0
0,0,0,0,0,0,0,0,12,5,1,1,5,26,5,2,0,0,0,0,0,0,0,0,0
0,0,0,0,0,0,0,0,0,0,0,0,0,0,0,0,0,0,0,0,0,0,0,0,0
0,0,0,0,0,0,0,0,0,0,0,0,0,0,0,0,0,0,0,0,0,0,0,0,0
0,0,0,0,0,0,0,0,0,0,0,0,0,0,0,0,0,0,0,0,0,0,0,0,0
0,0,0,0,0,0,0,0,0,18,5,1,1,5,0,1,0,0,0,0,0,0,0,0,0
0,0,0,0,0,0,0,0,3,0,19,19,4,0,0,0,0,0,0,0,0,0,0,0,0
0,0,0,0,0,0,0,2,0,14,13,3,11,2,0,0,0,0,0,0,0,0,0,0,0
0,0,0,0,0,0,0,0,1,15,1,0,0,0,0,0,0,0,0,0,0,0,0,0,0
0,0,0,0,0,0,42,0,1,0,0,0,0,0,0,0,0,53,0,0,0,0,0,0,0
0,0,0,0,0,0,1,0,0,0,0,0,0,0,0,0,0,0,0,0,0,0,0,0,0
0,0,0,0,0,0,0,0,10,26,0,0,1,5,0,0,0,0,0,0,0,0,0,0,0
0,0,0,0,0,0,0,0,0,0,0,0,0,0,0,0,0,0,0,0,0,0,0,0,0
0,0,0,0,0,0,0,0,38,2,2,0,2,5,1,0,0,1,0,0,0,0,0,0,0
0,0,0,0,0,0,0,0,0,13,1,0,0,0,0,0,0,0,1,8,1,0,0,0,0
0,0,0,0,0,0,0,0,3,0,0,0,0,0,0,0,0,0,0,0,0,0,0,0,0
0,0,0,0,0,0,0,0,10,0,3,0,5,4,5,3,0,0,10,3,6,14,0,0,0
0,0,0,0,0,0,0,0,0,28,6,0,2,4,0,0,0,0,0,0,0,0,0,0,0
0,0,0,0,0,0,0,0,22,15,13,7,0,4,0,0,0,0,0,0,0,0,0,0,0
0,0,0,0,0,0,0,0,1,32,1,6,0,0,0,0,0,0,0,0,0,0,0,0,0
0,0,0,0,0,0,0,0,0,0,0,0,2,2,2,3,0,2,0,0,0,0,0,0,0
0,0,0,0,0,0,0,0,0,0,6,12,2,0,0,0,0,0,0,0,0,0,0,0,0
0,0,0,0,0,0,14,4,0,0,0,0,0,0,0,0,0,0,0,0,0,0,0,0,0
0,0,0,0,0,0,33,14,12,0,0,0,0,0,0,0,0,0,0,0,0,0,0,0,0
0,0,0,0,0,0,24,30,5,0,0,0,0,6,0,0,0,0,0,0,0,0,0,0,0
0,0,0,0,0,0,0,0,4,2,0,0,0,0,0,0,3,0,0,0,0,0,0,0,0
0,0,0,0,0,0,0,0,0,0,0,0,0,0,0,0,0,0,0,0,0,4,0,0,0
0,0,0,0,0,0,0,0,0,9,0,0,0,0,0,0,0,0,0,0,0,0,0,0,0
0,0,0,0,0,0,1,0,0,0,5,0,0,0,0,0,0,0,0,0,0,0,0,0,0
0,0,0,0,0,0,0,0,1,0,0,0,0,0,0,0,0,0,0,0,0,0,0,0,0
0,0,0,0,0,0,0,0,0,26,19,12,0,6,0,0,0,0,0,0,0,0,0,0,0
0,0,0,0,0,0,0,30,1,6,6,0,2,3,2,0,0,0,0,0,0,0,0,0,0
0,0,0,0,0,0,0,0,3,13,0,0,0,0,0,0,0,0,0,0,0,0,0,0,0
0,0,0,0,0,0,0,0,1,0,4,5,10,7,0,0,0,0,0,0,0,0,0,0,0
0,0,0,0,0,0,0,0,0,0,4,0,0,1,0,0,0,0,0,0,0,0,0,0,0
0,0,0,0,0,0,0,4,0,0,0,0,0,0,0,0,0,0,0,0,0,0,0,0,0
0,0,0,0,0,0,0,0,0,0,0,0,0,0,0,0,0,0,0,0,0,0,0,0,0
0,0,0,0,0,0,0,0,0,0,0,1,1,0,0,0,0,7,0,0,0,0,0,0,0
0,0,0,0,0,0,0,14,10,0,0,0,0,0,0,0,0,0,0,0,0,0,0,0,0
0,0,0,0,0,0,0,0,9,7,2,0,0,0,0,0,0,0,0,0,0,0,0,0,0
0,0,0,0,0,0,0,0,0,0,0,0,0,0,0,0,0,0,0,0,0,0,0,0,0
0,0,0,0,0,0,0,0,0,0,1,0,7,15,0,0,0,0,0,0,0,0,0,0,0
0,0,0,0,0,0,0,0,0,0,0,0,0,0,0,0,0,0,0,0,0,0,0,0,0
0,0,0,0,0,0,0,0,0,0,0,19,0,0,0,0,0,0,0,0,0,0,0,0,0
0,0,0,0,0,0,0,0,0,0,0,0,0,0,0,0,0,0,0,2,0,0,0,0,0
0,0,0,0,0,0,0,0,54,24,6,0,0,0,0,0,0,0,0,0,0,0,0,0,0
0,0,0,0,0,0,0,0,9,0,0,0,0,0,0,0,7,0,10,8,0,0,0,0,0
0,0,0,0,0,0,0,0,0,0,0,13,7,8,0,0,0,0,0,0,0,0,0,0,0
0,0,0,0,0,0,0,0,14,0,0,0,0,0,0,0,0,0,0,0,0,0,0,0,0
0,0,0,0,0,0,0,0,0,0,0,9,0,4,2,0,0,0,0,0,0,0,0,0,0
0,0,0,0,0,0,0,0,1,0,0,0,0,0,7,2,1,0,0,0,0,0,0,0,0
0,0,0,0,0,0,0,0,0,0,0,0,13,10,0,0,0,0,0,0,0,0,0,0,0
0,0,0,0,0,0,0,0,0,0,0,0,0,0,0,0,0,0,0,0,0,0,0,0,0
0,0,0,0,0,0,0,0,0,0,10,4,0,0,0,0,0,0,0,0,0,0,0,0,0
0,0,0,0,0,0,0,0,8,0,0,10,11,12,9,3,0,2,0,0,0,0,0,0,0
0,0,0,0,0,0,0,0,0,0,9,0,13,0,0,0,0,0,0,0,0,2,0,0,0
0,0,0,0,0,0,0,0,12,7,0,0,0,0,0,0,0,0,0,0,0,0,0,0,0
0,0,0,0,0,0,0,0,14,6,3,0,0,0,0,0,0,0,0,0,0,0,0,0,0
0,0,0,0,0,0,0,0,12,10,0,19,0,17,0,2,0,0,0,0,0,0,0,0,0
0,0,0,0,0,0,7,0,0,21,0,0,0,0,0,0,0,0,0,0,0,0,0,0,0
0,0,0,0,0,0,0,4,10,2,0,0,0,0,0,0,0,0,0,0,0,0,0,0,0
0,0,0,0,0,0,0,0,4,15,17,12,5,3,0,0,0,0,0,0,0,0,0,0,0
0,0,0,0,0,0,0,0,33,1,0,0,0,0,0,0,0,0,0,0,0,0,0,0,0
0,0,0,0,0,0,0,0,0,0,0,0,0,0,0,0,0,0,0,0,0,12,0,0,0
0,0,0,0,0,0,0,2,0,0,7,0,0,0,0,0,0,0,0,0,0,0,0,0,0
0,0,0,0,0,0,0,0,5,6,3,2,0,0,0,14,0,0,16,0,0,0,0,0,0
0,0,0,0,0,0,0,0,25,16,6,0,0,0,0,0,0,0,0,0,0,0,0,0,0
0,0,0,0,0,0,0,0,8,0,0,0,0,0,11,44,5,0,0,0,0,0,0,0,0
0,0,0,0,0,0,0,0,0,19,3,0,0,1,0,0,0,0,0,0,0,0,0,0,0
0,14,30,8,64,47,54,33,75,12,4,0,2,6,0,0,0,0,0,0,0,0,0,0,0
0,0,0,0,0,0,0,0,1,0,0,5,8,8,0,0,0,0,0,0,0,0,0,0,0
0,0,0,0,0,0,0,0,2,0,0,0,0,0,0,0,0,0,0,0,0,0,0,0,0
0,0,0,0,0,0,0,2,17,10,3,0,0,4,0,0,0,0,0,0,0,0,0,0,0
0,0,0,0,0,0,12,20,0,0,0,0,0,3,2,0,0,0,0,0,0,0,0,0,0
0,0,0,0,0,0,0,0,6,0,3,5,2,3,14,0,5,0,0,0,0,0,0,0,0
0,0,0,0,0,0,0,0,0,0,0,0,0,18,0,13,0,0,0,0,0,0,0,0,0
0,0,0,0,0,0,0,0,2,7,7,4,0,0,0,0,0,0,0,0,0,0,0,0,0
0,0,0,0,0,0,0,0,5,1,0,0,0,0,0,0,0,0,0,0,0,0,0,0,0
0,0,0,0,0,0,0,29,0,3,2,0,0,0,0,0,0,0,0,0,0,0,0,0,0
0,0,0,0,0,0,0,0,0,2,0,0,0,0,0,0,0,0,0,0,0,0,0,0,0
0,0,0,0,0,0,0,7,7,7,11,0,0,0,0,0,0,0,0,0,0,0,0,0,0
0,0,0,0,0,0,0,0,0,0,12,0,4,17,10,18,38,0,0,0,0,0,0,0,0
0,0,0,0,0,0,0,0,0,16,2,2,0,2,0,0,0,0,0,0,0,0,0,0,0
0,0,0,0,0,0,0,0,14,16,7,0,0,0,0,0,2,0,0,0,1,0,0,0,0
0,0,0,0,0,0,33,20,14,4,2,0,0,8,0,0,0,0,0,0,0,0,0,0,0
0,0,0,0,0,0,6,8,9,1,1,0,0,0,0,0,0,0,0,0,0,0,0,0,0
0,0,0,0,0,0,0,0,16,24,10,7,0,0,0,0,0,0,0,0,0,0,0,0,0
0,0,0,0,0,0,0,0,0,0,0,8,0,0,0,0,0,0,0,0,23,24,0,0,0
0,0,0,0,0,0,0,0,0,24,5,0,0,0,0,0,0,0,0,0,0,0,0,0,0
0,0,0,0,0,0,0,0,25,4,0,0,0,2,0,0,0,0,0,0,0,0,0,0,0
0,0,0,0,0,0,20,5,27,0,0,0,0,21,0,0,0,0,0,0,0,0,0,0,0
0,0,0,0,0,0,0,1,17,0,14,1,0,0,0,0,0,0,0,0,0,0,0,0,0
0,0,0,0,0,0,11,28,13,18,1,0,0,0,0,0,0,0,0,0,0,0,0,0,0
0,0,0,0,0,0,0,0,0,0,0,1,0,26,2,10,1,0,0,0,0,0,0,0,0
0,0,0,0,0,0,8,20,20,0,0,0,0,0,0,0,0,0,0,0,0,0,0,0,0
0,0,0,0,0,0,0,0,0,0,12,0,6,6,0,0,0,0,0,0,12,2,0,0,0
0,0,0,0,0,0,0,6,26,1,0,0,0,0,0,0,0,0,0,0,0,0,0,0,0
0,0,0,0,0,0,0,0,2,1,4,37,6,0,1,0,0,0,0,0,3,0,0,0,0
0,0,0,0,0,0,0,0,8,32,3,0,0,0,0,0,0,0,0,0,0,0,0,0,0
0,0,0,0,0,0,0,0,1,7,3,0,0,0,0,0,0,0,0,0,0,0,0,0,0
0,0,0,0,0,0,0,0,66,2,0,0,0,0,0,0,4,0,0,0,0,0,0,0,0
0,0,0,0,0,0,0,0,12,0,0,0,0,28,1,0,0,0,0,0,0,0,0,0,0
0,0,0,0,0,0,6,0,0,0,0,0,0,0,0,0,0,0,0,0,0,0,0,0,0
0,0,0,0,0,0,0,0,23,7,19,20,41,45,0,0,1,0,0,0,0,0,0,0,0
0,0,0,0,0,0,0,22,0,0,0,0,0,0,0,0,0,0,0,0,0,0,0,0,0
0,0,0,0,0,0,0,0,0,9,6,0,0,0,0,0,0,0,0,0,0,0,0,0,0
0,0,0,0,0,0,0,23,10,6,2,0,2,4,0,3,0,0,0,0,0,0,0,0,0
0,0,0,0,0,0,0,22,7,8,8,0,8,17,0,0,0,0,0,0,0,0,0,0,0
0,0,0,0,0,0,4,0,0,0,0,0,0,8,0,0,0,0,0,0,0,0,0,0,0
0,0,0,0,0,0,0,0,47,12,7,8,4,0,0,0,0,0,0,2,0,0,0,0,0
0,0,0,0,0,0,0,0,3,0,0,0,0,0,7,0,5,0,0,0,0,0,0,0,0
0,0,0,0,0,0,0,0,4,2,0,0,11,11,0,0,0,2,0,0,0,4,0,0,0
0,0,0,0,0,0,1,0,6,0,0,0,0,0,0,0,0,0,0,0,0,0,0,0,0
0,0,0,0,0,0,0,0,0,0,3,0,2,25,1,5,0,0,2,1,27,10,0,0,0
0,0,0,0,0,0,5,13,32,4,1,0,0,1,1,1,0,0,0,0,0,0,0,0,0
0,0,0,0,0,0,0,0,0,0,19,7,0,0,0,0,0,0,0,0,0,0,0,0,0
0,0,0,0,0,0,1,15,12,0,5,9,15,7,0,0,0,0,0,0,0,0,0,0,0
0,0,0,0,0,0,0,0,0,0,1,12,2,0,0,3,0,0,0,0,0,0,0,0,0
0,0,0,0,0,0,0,0,0,0,0,0,0,3,23,0,0,0,0,0,0,0,0,0,0
0,0,0,0,0,0,0,20,20,39,4,0,0,0,0,0,0,0,0,0,0,0,0,0,0
0,0,0,0,0,0,0,0,5,0,0,4,2,4,9,22,0,0,0,0,0,0,0,0,0
0,0,0,0,0,0,0,0,0,6,8,8,0,4,0,0,0,0,0,0,0,0,0,0,0
0,0,0,0,0,0,3,15,22,20,7,0,0,0,0,0,0,0,0,0,0,0,0,0,0
0,0,0,0,0,0,12,6,0,20,7,0,0,0,0,0,0,0,0,0,0,0,0,0,0
0,0,0,0,0,0,8,4,3,0,0,0,0,0,0,0,0,0,0,0,0,0,0,0,0
0,0,0,0,0,0,0,0,4,0,0,2,2,0,0,0,0,0,0,0,0,0,0,0,0
0,0,0,0,0,0,0,0,0,44,9,2,2,4,0,2,0,5,0,0,0,0,0,0,0
0,8,0,0,2,4,0,0,2,0,0,0,0,0,0,0,0,0,0,0,0,0,0,0,0
0,0,0,0,0,0,0,15,1,1,0,0,0,0,0,0,0,0,0,0,0,0,0,0,0
0,0,0,0,0,0,0,0,5,8,6,5,5,13,9,12,12,11,2,0,0,0,0,0,0
0,0,0,0,0,0,0,10,0,0,0,0,0,0,0,0,0,0,0,0,0,0,0,0,0
0,0,0,0,0,0,2,0,0,0,0,9,0,0,0,0,0,0,0,0,0,0,0,0,0
0,0,0,0,0,0,0,0,0,0,34,9,1,1,0,0,0,0,0,0,0,0,0,0,0
0,0,0,0,0,0,0,0,4,0,0,0,6,14,0,0,1,0,0,0,0,0,0,0,0
0,0,0,0,0,0,0,2,8,9,0,1,0,9,0,0,0,0,0,0,0,0,0,0,0
0,0,0,0,0,0,0,0,8,27,1,0,0,0,0,0,0,0,0,0,0,0,0,0,0
0,0,0,0,0,0,0,0,2,0,0,0,0,0,0,0,0,0,0,0,0,0,0,0,0
0,0,0,0,0,0,0,0,5,0,15,11,2,5,2,0,32,5,0,0,0,0,0,0,0
0,0,0,0,0,0,0,0,3,0,2,0,2,3,14,4,16,16,0,0,0,0,0,0,0
0,0,0,0,0,0,18,0,0,0,0,0,0,8,0,0,0,0,0,0,0,0,0,0,0
0,0,0,0,0,0,56,40,1,0,0,0,0,0,0,0,0,0,0,0,0,0,0,0,0
0,0,0,0,0,0,0,0,0,0,0,0,0,0,8,0,3,0,0,7,17,15,0,0,0
0,0,0,0,0,0,0,0,46,20,15,5,0,2,0,0,0,0,0,0,0,0,0,0,0
0,0,0,0,0,0,0,0,0,21,0,14,1,8,0,0,0,0,0,0,0,0,0,0,0
0,0,0,0,0,0,3,2,0,21,2,0,0,0,0,0,0,0,0,0,0,0,0,0,0
0,0,0,0,0,0,0,12,0,0,0,1,1,1,0,1,1,0,0,0,0,0,0,0,0
0,0,0,0,0,0,0,0,2,2,2,0,26,29,0,0,0,0,0,0,0,0,0,0,0
0,0,0,0,0,0,0,0,0,0,0,0,0,0,0,0,0,0,0,0,0,0,0,0,0
0,0,0,0,0,0,0,0,0,0,11,2,0,0,0,0,0,0,0,0,0,0,0,0,0
0,0,0,0,0,0,0,0,0,0,2,2,2,1,0,0,0,0,0,0,0,0,0,0,0
0,0,0,0,0,0,0,5,10,0,0,0,3,3,3,0,0,0,0,0,0,0,0,0,0
0,0,7,0,0,18,58,193,157,13,64,39,45,72,10,5,10,0,0,0,5,1,0,0,0
0,0,0,0,0,0,19,7,2,4,0,0,0,4,0,0,0,0,0,0,0,0,0,0,0
0,0,0,0,0,0,8,6,17,2,1,2,0,0,0,0,0,0,0,0,0,0,0,0,0
0,0,0,0,0,0,0,0,0,0,0,0,0,0,0,0,0,0,0,0,0,0,0,0,0
0,0,0,0,0,0,0,0,0,3,0,4,0,0,0,0,0,0,0,0,0,0,0,0,0
0,0,0,0,0,0,0,15,9,21,19,3,17,8,0,0,0,0,0,0,0,0,0,0,0
0,0,0,0,0,0,0,0,20,10,8,11,10,28,0,0,0,0,0,0,0,0,0,0,0
0,0,0,0,0,0,18,13,16,9,12,0,0,0,0,0,0,0,0,0,0,0,0,0,0
0,0,0,0,0,0,0,9,0,0,0,0,1,1,0,0,0,0,0,0,0,0,0,0,0
0,0,0,0,0,0,0,0,0,21,29,0,0,0,0,0,0,0,0,0,0,0,0,0,0
0,0,0,0,0,0,8,1,17,0,0,0,0,0,5,0,0,0,0,0,0,0,0,0,0
0,0,0,0,0,0,0,0,0,21,6,7,3,11,2,1,0,0,0,0,0,0,0,0,0
0,0,0,0,0,0,0,0,1,0,0,4,1,1,0,0,0,0,0,0,0,0,0,0,0
0,0,0,0,0,0,0,1,0,0,0,0,2,11,0,0,0,0,0,0,0,0,0,0,0
0,0,0,6,5,0,0,0,0,0,0,0,0,0,0,0,0,0,0,0,0,0,0,0,0
0,0,0,0,0,0,0,0,11,78,0,1,0,0,0,0,0,0,0,0,0,0,0,0,0
0,0,0,0,0,0,0,0,2,0,2,38,5,1,0,0,0,0,0,0,0,0,0,0,0
0,0,0,0,0,0,0,0,8,0,2,0,11,11,1,0,0,0,0,0,0,0,0,0,0
0,0,0,0,0,0,0,0,0,5,0,0,0,0,0,0,0,0,0,0,0,0,0,0,0
0,0,0,0,0,0,2,0,7,0,2,0,0,0,0,0,0,0,0,0,0,0,0,0,0
0,0,0,0,0,0,0,2,2,3,0,0,0,0,0,0,0,0,0,0,0,0,0,0,0
0,0,0,0,0,0,1,0,0,0,0,0,0,2,1,0,0,0,0,0,0,0,0,0,0
0,0,0,0,0,0,0,0,53,7,0,0,0,4,1,0,0,0,0,0,0,0,0,0,0
0,0,0,0,0,0,0,0,1,18,20,0,0,0,0,3,0,0,0,0,0,0,0,0,0
0,0,0,0,0,0,0,0,7,8,0,0,0,0,0,0,0,0,0,0,0,0,0,0,0
0,0,0,0,0,0,0,0,1,7,0,0,0,0,0,0,0,0,0,0,0,0,0,0,0
0,0,0,0,0,0,0,0,0,0,0,0,6,9,11,11,0,0,0,0,0,0,0,0,0
0,0,0,0,0,0,0,10,0,0,0,0,0,1,0,0,0,0,0,0,0,0,0,0,0
0,0,0,0,0,0,0,0,0,0,0,10,7,10,2,0,0,0,0,0,0,0,0,0,0
0,0,0,0,0,0,0,0,5,3,4,0,0,0,0,0,0,0,0,0,0,0,0,0,0
0,0,0,0,0,0,0,0,1,22,0,0,0,0,0,0,0,5,0,0,0,0,0,0,0
0,0,0,0,0,0,0,3,4,0,0,1,2,6,0,2,0,0,0,0,0,0,0,0,0
0,0,0,0,0,0,0,0,26,11,0,18,2,6,0,0,1,0,0,0,0,0,0,0,0
0,0,0,0,0,0,21,5,7,39,23,11,11,7,18,0,0,0,0,0,0,0,0,0,0
0,0,0,0,0,0,0,0,9,28,0,0,0,0,0,0,0,0,0,0,0,0,0,0,0
0,0,0,0,0,0,0,0,0,1,0,0,30,64,0,0,0,0,0,0,0,0,0,0,0
0,0,0,0,0,0,7,42,0,1,0,0,0,3,5,6,0,0,0,0,0,0,0,0,0
0,0,0,0,0,0,0,0,0,0,0,0,0,0,0,0,0,0,0,0,0,0,0,0,0
0,0,0,0,0,0,0,0,4,0,0,0,19,28,3,2,5,1,1,0,0,0,0,0,0
0,0,0,0,0,0,0,0,0,0,0,14,0,0,0,0,0,0,0,0,0,0,0,0,0
0,0,0,0,0,0,0,0,5,0,2,0,9,5,0,1,0,0,0,0,0,0,0,0,0
0,0,0,0,0,0,0,0,0,11,11,1,2,2,0,0,0,0,0,0,0,0,0,0,0
0,0,0,0,0,0,0,0,6,9,23,1,0,0,0,0,0,0,0,1,0,0,0,0,0
0,0,0,0,0,0,0,0,5,6,13,0,0,0,0,10,0,0,0,0,0,0,0,0,0
0,6,7,0,2,0,0,0,0,0,0,0,0,0,0,0,0,0,0,0,0,0,0,0,0
0,0,0,0,0,0,0,0,3,0,23,0,35,30,0,0,0,0,0,0,0,0,0,0,0
0,0,0,0,0,0,0,1,2,0,2,0,0,12,1,0,0,0,0,0,0,0,0,0,0
0,0,0,0,0,0,0,4,0,0,0,0,0,0,0,0,0,0,0,0,0,0,0,0,0
0,0,0,0,0,0,0,0,0,3,14,38,2,2,0,0,0,0,0,0,0,0,0,0,0
0,0,0,0,0,0,0,1,0,27,2,0,0,0,0,0,0,0,0,0,0,0,0,0,0
0,0,0,0,0,0,0,0,0,0,0,0,6,5,11,0,0,0,0,0,0,0,0,0,0
0,0,0,0,0,0,29,15,5,0,0,0,0,0,0,0,0,0,0,0,0,0,0,0,0
0,0,0,0,0,0,0,0,19,7,6,1,3,3,0,0,0,0,0,0,0,0,0,0,0
0,0,0,0,0,0,0,0,6,2,2,1,0,6,0,0,3,2,0,0,0,0,0,0,0
0,0,0,0,0,0,5,0,0,0,0,0,0,0,0,0,0,0,1,0,0,0,0,0,0
0,0,0,0,0,0,0,19,5,5,14,0,4,2,0,0,0,0,0,0,0,0,0,0,0
0,0,0,0,0,0,0,0,3,0,29,1,0,0,0,0,0,0,0,0,0,0,0,0,0
0,0,0,0,0,0,0,0,0,14,0,0,2,0,0,0,0,12,0,14,22,0,0,0,0
0,0,0,0,0,0,2,0,5,9,2,0,0,0,0,0,0,0,0,0,0,0,0,0,0
0,0,0,0,0,0,0,0,4,4,4,27,4,0,0,0,0,0,0,0,0,0,0,0,0
0,0,0,0,0,0,0,0,2,3,4,0,3,3,0,0,0,1,0,0,0,0,0,0,0
0,0,0,0,0,0,0,0,1,0,0,4,1,11,2,0,0,0,0,0,0,0,0,0,0
0,0,0,0,0,0,27,24,8,0,0,0,0,0,3,1,1,2,0,0,0,0,0,0,0
0,0,0,0,0,11,0,0,0,0,0,0,0,0,0,0,0,0,0,0,0,0,0,0,0
0,0,0,0,0,0,5,3,3,1,0,1,0,0,0,0,0,0,0,0,0,0,0,0,0
0,0,0,0,0,0,20,20,17,42,7,3,2,18,0,0,0,1,0,3,1,0,0,0,0
0,0,0,0,0,0,0,0,6,21,16,0,0,8,0,4,0,0,0,0,0,0,0,0,0
0,0,0,0,0,0,1,0,0,20,0,0,0,0,0,0,0,0,0,0,0,0,0,0,0
0,0,0,0,0,0,0,0,0,29,0,0,0,2,0,0,0,0,0,0,0,0,0,0,0
0,0,0,0,0,0,3,10,2,4,0,0,0,0,0,0,0,0,0,0,0,0,0,0,0
0,0,0,0,0,0,3,11,19,2,0,0,0,0,0,0,0,0,0,0,0,0,0,0,0
0,0,0,0,0,0,1,0,0,1,0,0,0,3,3,1,2,6,0,0,0,0,0,0,0
0,0,0,0,0,0,0,2,22,0,0,0,0,0,0,0,0,0,0,0,0,0,0,0,0
0,0,0,0,0,0,0,0,0,0,0,0,0,0,0,0,0,0,0,0,0,0,0,0,0
0,0,0,0,0,0,0,0,17,30,1,9,7,8,0,0,0,13,0,0,1,0,0,0,0
0,0,0,0,0,0,40,1,0,2,0,0,0,7,0,0,0,0,0,0,0,0,0,0,0
0,0,0,0,0,0,0,0,0,1,1,0,0,0,0,0,0,0,0,0,0,0,0,0,0
0,0,0,0,0,0,5,18,2,0,1,2,6,7,0,0,0,0,0,0,0,0,0,0,0
0,0,0,0,0,0,0,0,16,0,2,5,22,18,0,0,0,0,0,0,0,0,0,0,0
0,0,0,0,0,0,0,0,0,0,5,20,3,3,0,0,15,7,5,0,0,0,0,0,0
0,0,0,0,0,0,3,9,3,13,6,2,0,0,0,0,0,0,0,0,0,0,0,0,0
0,0,0,0,0,0,0,0,0,0,0,0,7,12,2,0,0,0,0,0,0,0,0,0,0
0,0,0,0,0,0,0,0,0,16,0,0,0,0,0,0,0,0,0,0,0,0,0,0,0
0,0,0,0,0,0,0,0,4,0,0,0,0,0,0,0,0,0,0,0,0,0,0,0,0
0,0,0,0,0,0,0,0,0,0,0,0,0,0,0,0,0,0,0,0,0,0,0,0,0
0,0,0,0,0,0,0,0,0,18,1,0,0,0,0,0,0,0,0,0,0,0,0,0,0
0,0,0,0,0,0,0,0,58,0,0,0,1,1,0,0,0,0,0,0,0,0,0,0,0
0,0,0,0,0,0,0,0,2,3,2,0,0,0,0,0,0,0,0,0,0,0,0,0,0
0,0,0,0,0,0,57,0,0,8,0,0,0,1,0,0,0,0,0,0,0,0,0,0,0
0,0,0,0,0,0,0,0,0,4,0,8,0,2,0,2,0,0,0,9,0,1,0,0,0
0,0,0,0,0,0,0,0,0,0,0,4,11,35,0,0,0,0,0,0,0,0,0,0,0
0,0,0,0,0,0,0,4,1,0,0,0,3,2,0,0,0,0,0,0,0,0,0,0,0
0,0,0,0,0,0,0,0,5,0,4,0,0,0,0,3,3,1,0,1,0,0,0,0,0
0,0,0,0,0,0,8,14,0,0,0,0,0,0,0,0,0,0,0,0,0,0,0,0,0
0,0,0,0,0,0,0,0,10,16,35,0,0,34,0,0,0,0,0,0,0,0,0,0,0
0,0,0,0,0,0,0,0,13,12,12,4,2,0,0,0,0,0,0,0,0,0,0,0,0
0,0,0,0,0,0,0,0,17,14,1,0,0,0,0,0,0,0,0,0,0,0,0,0,0
0,0,0,0,0,0,0,2,0,0,0,0,0,1,0,0,0,0,0,0,0,0,0,0,0
0,0,0,0,0,0,0,0,0,0,7,50,37,17,16,19,4,0,0,0,0,0,0,0,0
0,0,0,0,0,0,0,0,0,0,0,0,12,1,0,1,0,0,0,0,0,0,0,0,0
0,0,0,0,0,0,0,6,0,0,2,0,0,0,0,0,0,0,0,0,0,0,0,0,0
0,0,0,0,0,0,0,0,4,2,1,6,0,0,0,2,0,0,0,0,0,0,0,0,0
0,0,0,0,0,0,0,0,0,12,13,0,0,0,0,0,0,0,0,0,0,0,0,0,0
0,0,0,0,0,0,0,0,0,1,0,5,4,7,1,0,0,0,0,0,0,0,0,0,0
0,0,0,0,0,0,0,6,11,7,0,0,0,0,0,0,0,0,0,0,0,0,0,0,0
0,0,0,0,0,0,0,0,0,0,0,0,17,14,0,0,0,0,0,0,0,0,0,0,0
0,0,0,0,0,0,0,0,13,7,62,0,0,0,0,0,0,0,0,0,0,0,0,0,0
0,0,0,0,0,0,0,4,2,14,1,0,0,0,0,0,0,0,0,0,0,0,0,0,0
0,0,0,0,0,0,5,5,7,36,30,0,0,2,0,16,0,4,0,0,0,0,0,0,0
0,0,0,0,0,0,0,0,0,8,0,0,0,6,0,0,0,0,0,0,0,0,0,0,0
0,0,0,0,0,0,0,7,0,27,5,0,0,9,1,0,0,0,0,0,0,0,0,0,0
0,0,0,0,0,0,0,0,1,0,0,0,0,0,6,0,0,0,0,0,0,0,0,0,0
0,0,0,0,0,0,0,0,0,5,0,0,0,0,0,0,0,0,0,0,0,0,0,0,0
0,0,0,0,0,0,0,0,7,0,0,0,0,0,0,0,0,0,0,0,0,0,0,0,0
0,0,0,0,0,0,0,0,0,0,0,10,8,9,1,0,7,0,0,1,0,0,0,0,0
0,0,0,0,0,0,0,0,3,0,0,3,0,0,0,0,0,0,0,0,0,0,0,0,0
0,0,0,0,0,0,0,10,0,27,5,0,0,0,0,0,0,0,0,0,0,0,0,0,0
0,0,0,0,0,0,0,0,3,0,0,4,1,0,0,0,0,0,0,0,0,0,0,0,0
0,0,0,0,0,0,0,0,15,2,0,0,13,12,0,0,2,0,0,0,0,0,0,0,0
0,0,0,0,0,0,0,0,4,1,0,0,0,0,0,0,0,0,0,0,0,0,0,0,0
0,0,0,0,0,0,0,0,0,20,1,0,2,6,0,0,0,0,0,0,0,0,0,0,0
0,0,0,0,0,0,0,0,43,43,9,0,15,12,1,0,0,0,0,0,0,0,0,0,0
0,0,0,0,0,0,0,0,0,0,11,6,0,6,0,0,0,0,0,0,0,0,0,0,0
0,0,0,0,0,0,4,0,0,0,0,0,0,0,0,0,0,0,0,0,0,0,0,0,0
0,0,0,0,0,0,0,0,0,0,0,0,0,0,0,0,0,0,0,0,0,0,0,0,0
0,0,0,0,0,0,0,0,0,0,0,0,0,0,0,0,0,0,0,0,0,0,0,0,0
0,0,0,0,0,0,0,0,21,27,0,13,1,9,2,0,0,0,0,0,7,0,0,0,0
0,0,0,0,0,0,0,0,34,0,0,0,0,0,0,0,0,0,0,0,0,0,0,0,0
0,0,0,0,0,0,0,0,11,24,10,0,5,5,0,0,0,0,0,0,0,0,0,0,0
0,0,0,0,0,0,5,0,18,4,10,0,0,0,0,0,0,0,1,0,0,0,0,0,0
0,0,0,0,0,0,0,0,11,7,1,19,16,0,6,2,6,23,13,7,0,0,0,0,0
0,0,0,0,0,0,0,0,21,2,0,0,0,0,0,0,0,0,0,0,0,0,0,0,0
0,0,0,0,0,0,0,0,11,6,1,1,2,4,0,3,0,0,0,0,0,0,0,0,0
0,0,0,0,0,0,0,0,0,0,0,0,2,0,0,0,18,2,2,5,0,20,0,0,0
0,0,0,0,0,0,8,6,5,6,1,1,0,11,0,0,0,0,0,0,0,0,0,0,0
0,0,0,0,0,0,0,0,2,3,3,0,0,0,0,0,0,0,1,0,6,11,0,0,0
0,0,0,0,0,0,0,0,1,0,0,0,0,3,0,1,0,14,0,0,0,0,0,0,0
0,0,0,0,0,0,4,37,25,0,0,0,0,0,0,0,0,0,0,0,0,0,0,0,0
0,0,0,0,0,0,0,0,9,1,4,4,0,5,0,0,0,0,0,0,0,0,0,0,0
0,0,0,0,0,0,0,0,0,4,0,0,2,42,30,3,1,0,0,0,0,0,0,0,0
0,0,0,0,0,0,0,0,0,7,2,5,0,9,0,0,0,0,0,0,0,0,0,0,0
0,0,0,0,0,0,0,0,0,22,1,0,0,16,0,0,0,0,0,0,0,0,0,0,0
0,0,0,0,0,0,0,0,0,0,2,5,0,0,0,0,0,0,0,0,0,0,0,0,0
0,0,0,0,0,0,0,0,3,0,0,0,0,25,0,0,0,0,0,0,0,0,0,0,0
0,0,0,0,0,0,0,0,6,0,0,0,0,1,0,0,0,0,0,0,0,0,0,0,0
0,0,0,0,0,0,0,0,2,10,0,1,0,4,0,0,0,0,0,0,0,0,0,0,0
0,0,0,0,0,0,0,0,0,0,7,3,0,0,0,0,0,0,0,0,0,0,0,0,0
0,0,0,0,0,0,0,0,0,31,0,0,0,0,1,0,0,0,0,0,0,0,0,0,0
0,0,0,0,0,0,0,0,0,0,0,0,0,0,0,0,0,0,0,0,0,0,0,0,0
0,0,0,0,0,0,0,0,0,0,0,0,0,0,0,0,0,0,0,0,0,0,0,0,0
0,0,0,0,0,0,0,0,0,0,0,0,0,0,0,0,0,0,0,0,0,0,0,0,0
0,0,0,0,0,0,0,0,3,15,1,5,0,4,0,3,2,0,0,0,0,0,0,0,0
0,0,0,0,0,0,0,0,0,0,0,0,21,22,0,0,0,0,0,0,0,0,0,0,0
0,0,0,0,0,0,0,0,0,12,31,0,0,0,0,0,0,0,0,0,0,0,0,0,0
0,0,0,0,0,0,0,0,0,9,4,3,4,49,0,0,0,0,0,0,0,0,0,0,0
0,0,0,0,0,0,0,24,0,0,0,2,0,2,1,0,3,0,0,0,0,0,0,0,0
0,0,0,0,0,0,0,0,1,17,4,0,0,0,0,0,0,0,0,0,0,0,0,0,0
0,0,0,0,0,0,0,0,1,0,0,0,0,0,0,0,0,0,0,0,0,0,0,0,0
0,0,0,0,0,0,0,0,20,17,1,0,0,0,0,0,0,0,1,0,0,0,0,0,0
0,0,0,0,0,0,0,0,12,11,2,0,0,0,0,6,0,0,0,0,0,0,0,0,0
0,0,0,0,0,0,0,0,3,0,0,0,0,0,0,0,0,0,0,0,0,0,0,0,0
0,0,0,0,0,0,0,0,2,0,0,0,4,1,9,0,3,0,0,5,0,0,0,0,0
0,0,0,0,0,0,0,0,0,0,0,0,0,0,0,0,0,0,0,0,0,0,0,0,0
0,0,0,0,0,0,0,0,0,0,0,0,0,5,0,1,2,0,0,0,0,0,0,0,0
0,0,0,0,0,0,0,0,0,13,0,0,0,0,0,0,0,0,0,0,0,0,0,0,0
0,0,0,0,0,0,0,0,0,4,0,2,0,0,0,0,0,0,0,0,0,0,0,0,0
0,0,0,0,0,0,0,35,10,0,9,0,4,0,0,0,0,0,0,0,0,0,0,0,0
0,0,0,0,0,0,0,0,3,0,0,12,17,23,0,0,0,0,0,0,0,0,0,0,0
0,0,0,0,0,0,0,0,13,19,9,0,2,2,0,0,0,1,0,0,2,0,0,0,0
0,0,0,0,0,0,0,9,1,3,0,0,0,0,0,0,0,0,0,0,0,0,0,0,0
0,0,0,0,0,0,0,0,17,1,0,0,0,2,0,0,0,0,0,0,0,0,0,0,0
0,0,0,0,0,0,0,0,1,10,3,0,0,0,13,5,0,0,0,0,0,0,0,0,0
0,0,0,0,0,0,0,0,0,0,0,0,0,0,0,0,0,0,0,0,0,0,0,0,0
0,0,0,0,0,0,0,0,2,1,0,0,0,0,0,0,0,0,0,0,0,0,0,0,0
0,0,0,0,0,0,0,0,3,0,0,0,0,0,2,2,0,0,0,0,0,3,0,0,0
0,0,0,0,0,0,23,0,6,17,5,0,0,0,0,0,0,0,0,0,0,0,0,0,0
0,0,0,0,0,0,34,8,2,2,0,4,0,0,0,0,0,0,0,0,0,0,0,0,0
0,0,0,0,0,0,0,7,0,0,0,0,0,0,2,1,0,0,0,0,0,0,0,0,0
0,0,0,0,0,0,0,0,0,7,0,0,0,0,0,0,0,0,0,0,0,0,0,0,0
0,0,0,0,0,0,0,0,0,19,15,10,3,3,2,10,6,3,8,7,0,0,0,0,0
0,0,0,0,0,0,0,0,0,0,1,0,0,0,34,1,0,0,0,0,0,11,0,0,0
0,0,0,0,0,0,1,2,16,10,11,10,3,12,4,6,27,0,0,9,14,0,0,0,0
0,0,7,5,11,3,1,1,0,0,0,0,0,7,0,10,8,11,1,78,0,3,0,0,0
0,0,0,0,0,0,0,0,5,1,0,0,0,0,0,0,0,0,0,0,0,0,0,0,0
0,0,0,0,0,0,3,0,0,1,0,8,0,0,0,0,0,0,0,0,0,0,0,0,0
0,0,0,0,0,0,6,10,0,0,0,0,0,0,0,0,0,0,0,0,0,0,0,0,0
0,0,0,0,0,0,0,0,0,0,0,0,0,0,0,0,0,0,0,0,0,0,0,0,0
0,0,0,0,0,0,5,0,2,1,0,0,0,0,0,0,0,0,0,0,0,0,0,0,0
0,0,0,0,0,0,13,0,0,0,0,0,0,0,0,0,0,0,0,0,0,0,0,0,0
0,0,0,0,0,0,0,0,11,0,3,0,0,0,0,5,0,0,0,0,0,0,0,0,0
0,0,0,0,0,0,0,0,0,0,0,0,0,0,0,0,0,0,0,0,0,0,0,0,0
0,0,0,0,0,0,0,0,1,0,0,0,0,12,19,0,0,0,0,0,1,0,0,0,0
0,0,0,0,0,0,9,21,8,6,1,5,1,0,2,0,0,0,0,0,0,0,0,0,0
0,0,0,0,0,0,0,0,6,0,0,0,0,0,0,0,0,0,0,0,0,0,0,0,0
0,0,0,0,0,0,0,0,0,14,7,0,0,0,0,0,0,0,0,0,0,0,0,0,0
0,0,0,0,0,0,12,0,8,4,3,6,2,8,0,0,0,0,0,0,0,0,0,0,0
0,0,0,0,0,0,0,0,0,20,0,0,1,0,1,0,0,0,0,0,0,0,0,0,0
0,0,0,0,0,0,1,9,0,10,11,0,8,13,8,0,1,0,0,2,3,0,0,0,0
0,0,0,0,0,0,0,0,3,0,0,0,0,1,0,0,0,0,0,0,0,0,0,0,0
0,0,0,0,0,0,2,0,0,24,11,4,0,18,1,0,0,0,0,0,0,0,0,0,0
0,0,0,0,0,0,0,0,0,0,0,3,0,0,0,0,0,0,0,0,0,0,0,0,0
0,0,0,0,0,0,20,1,8,0,0,0,0,0,0,0,0,0,0,0,0,0,0,0,0
0,0,0,0,0,0,0,0,17,0,0,0,0,0,0,0,0,0,0,0,0,0,0,0,0
0,0,0,0,0,0,0,0,0,0,1,0,0,0,0,0,0,0,0,0,0,0,0,0,0
0,0,0,0,0,0,0,13,11,4,0,0,0,0,0,0,0,0,0,0,0,0,0,0,0
0,0,0,0,0,0,0,7,19,0,0,0,0,0,0,0,0,0,0,0,0,0,0,0,0
0,0,0,0,0,0,0,2,0,0,0,1,0,0,0,0,0,0,0,0,0,0,0,0,0
0,0,0,0,0,0,0,0,0,0,1,2,0,0,0,2,0,0,0,0,0,0,0,0,0
0,0,0,0,0,0,0,0,0,4,11,18,0,2,0,0,0,0,0,0,0,0,0,0,0
0,0,0,0,0,0,0,0,6,0,0,0,0,0,0,1,0,0,5,25,5,14,0,0,0
0,0,0,0,0,0,0,0,0,7,1,0,4,7,0,3,0,15,0,0,2,0,0,0,0
0,0,0,0,0,0,0,0,6,0,0,0,0,0,0,0,32,0,0,0,0,0,0,0,0
0,0,0,0,0,0,7,8,0,1,0,0,0,0,0,0,0,0,0,0,0,0,0,0,0
0,0,0,0,0,0,17,0,0,0,0,0,14,14,0,0,0,0,0,0,0,0,0,0,0
0,0,0,0,0,0,0,0,0,0,15,0,0,0,0,0,0,0,0,0,0,0,0,0,0
0,0,0,0,0,0,0,0,2,0,22,8,6,4,1,3,9,1,0,0,0,0,0,0,0
0,0,0,0,0,0,0,3,0,0,21,10,1,3,0,0,0,0,0,0,0,0,0,0,0
0,0,0,0,0,0,0,5,0,0,0,0,0,0,0,0,0,0,1,0,0,0,0,0,0
0,0,0,0,0,0,0,0,6,23,0,6,9,5,0,0,12,7,2,0,0,0,0,0,0
0,0,0,0,0,0,0,0,1,0,2,24,4,16,0,0,3,0,0,0,0,0,0,0,0
0,0,0,0,0,0,0,13,0,0,0,0,0,0,0,0,0,0,0,0,0,0,0,0,0
0,0,0,0,0,0,0,0,1,0,6,6,12,56,1,0,0,0,0,0,0,0,0,0,0
0,0,0,0,0,0,0,0,0,0,0,0,0,0,0,0,0,0,0,0,0,0,0,0,0
0,0,0,0,0,0,0,0,9,12,0,0,5,11,0,0,0,0,0,0,0,0,0,0,0
0,0,0,0,0,0,0,0,21,20,4,3,0,0,1,0,0,0,0,0,0,0,0,0,0
0,0,0,0,0,0,2,10,0,3,2,2,4,18,0,3,0,0,0,0,0,0,0,0,0
0,0,0,0,0,0,14,0,1,3,0,2,0,0,8,1,2,0,0,0,0,0,0,0,0
0,0,0,0,0,0,0,0,0,0,10,0,49,60,2,5,0,5,3,2,0,0,0,0,0
0,0,0,0,0,0,0,0,0,9,0,0,0,0,0,0,0,0,0,0,0,0,0,0,0
0,0,0,0,0,0,0,0,3,0,5,1,0,0,0,0,0,0,0,0,0,0,0,0,0
0,0,0,0,0,0,0,14,13,0,0,0,0,0,0,0,0,0,0,0,0,0,0,0,0
0,0,0,0,0,0,34,24,22,24,7,4,3,0,0,0,0,0,0,0,0,0,0,0,0
0,0,0,0,0,0,9,4,17,18,10,1,1,10,0,0,0,0,0,0,0,0,0,0,0
0,0,0,0,0,0,0,0,0,0,0,1,0,0,0,0,0,0,0,0,0,0,0,0,0
0,0,0,0,0,0,0,0,0,0,0,0,2,17,0,0,0,0,0,0,0,0,0,0,0
0,0,0,0,0,0,0,0,0,0,0,0,2,54,0,2,0,0,0,0,0,0,0,0,0
0,0,0,0,0,0,39,5,0,0,0,0,0,0,0,0,0,0,0,0,0,0,0,0,0
0,0,0,0,0,0,0,0,16,0,0,7,26,42,0,0,0,0,0,0,0,0,0,0,0
0,0,0,0,0,0,0,0,0,20,17,1,5,6,0,0,0,0,0,0,0,0,0,0,0
0,0,0,0,0,0,0,0,2,0,1,1,0,0,0,0,0,0,0,0,0,0,0,0,0
0,0,0,0,0,0,24,30,5,0,0,0,0,6,0,0,0,0,0,0,0,0,0,0,0
0,0,0,0,0,0,15,1,2,0,0,0,0,0,0,0,0,0,0,0,0,0,0,0,0
0,0,0,0,0,0,0,0,8,2,1,0,0,6,0,0,0,0,0,0,0,0,0,0,0
0,0,0,0,0,0,0,0,4,0,7,11,2,0,0,2,0,0,0,0,0,0,0,0,0
0,0,0,0,0,0,8,17,24,3,5,3,3,8,1,0,0,0,0,0,0,0,0,0,0
0,0,0,0,0,0,16,12,10,1,0,0,0,0,0,0,0,0,0,0,0,0,0,0,0
0,0,0,0,0,0,0,0,10,45,0,0,0,2,0,0,0,0,0,0,1,0,0,0,0
0,0,0,0,0,0,0,0,0,0,0,0,13,10,0,0,0,0,0,0,0,0,0,0,0
0,0,0,0,0,0,0,0,8,4,0,0,0,0,0,0,0,0,0,0,0,0,0,0,0
0,0,0,0,0,0,0,0,9,1,0,15,4,4,0,0,0,0,0,0,0,0,0,0,0
0,0,0,0,0,0,5,2,0,8,0,0,0,0,0,0,0,0,0,0,0,0,0,0,0
0,0,0,0,0,0,0,2,10,2,0,0,2,5,0,0,0,0,0,0,0,0,0,0,0
0,0,0,0,0,0,5,33,0,0,0,0,0,0,0,0,0,0,0,0,0,0,0,0,0
0,0,0,0,0,0,0,0,4,1,8,1,11,17,0,0,0,0,0,0,0,0,0,0,0
0,0,0,0,0,0,0,14,1,0,0,0,0,0,0,0,0,0,0,0,0,0,0,0,0
0,0,0,0,0,0,0,0,0,0,15,72,0,0,0,0,0,0,0,0,0,0,0,0,0
0,0,0,0,0,0,0,0,1,0,0,13,1,0,0,0,0,0,0,0,0,0,0,0,0
0,0,0,0,0,0,0,0,7,13,9,0,2,0,0,0,0,1,0,0,0,0,0,0,0
0,0,0,0,0,0,0,0,5,0,1,0,0,0,0,0,0,0,0,0,0,0,0,0,0
0,0,0,0,0,0,0,0,15,4,20,10,0,0,0,0,0,0,0,0,0,0,0,0,0
0,0,0,0,0,0,0,0,6,2,0,0,0,0,0,0,0,0,0,0,0,0,0,0,0
0,0,0,0,0,0,0,17,13,2,1,2,4,5,1,0,0,0,0,0,0,0,0,0,0
0,0,0,0,0,0,0,0,0,1,12,0,0,0,0,0,0,5,0,0,0,0,0,0,0
0,0,0,0,0,0,0,0,0,0,0,0,4,23,0,0,0,1,0,0,0,0,0,0,0
0,0,0,0,0,0,0,0,3,0,3,0,2,0,0,0,0,0,0,0,0,0,0,0,0
0,0,0,0,0,0,0,0,0,4,3,0,2,37,0,0,0,0,0,0,0,0,0,0,0
0,0,0,0,0,0,0,1,1,3,0,0,0,0,0,0,0,0,0,0,0,0,0,0,0
0,0,0,0,0,0,2,0,0,3,0,0,0,0,0,0,0,0,0,0,0,0,0,0,0
0,0,0,0,0,0,0,0,1,18,0,0,1,1,0,0,0,0,0,0,0,0,0,0,0
0,0,0,0,0,0,0,0,0,2,0,0,0,12,0,0,0,0,0,0,0,0,0,0,0
0,0,0,0,0,0,9,6,18,0,0,0,0,12,0,0,0,0,0,0,0,0,0,0,0
0,0,0,0,0,0,4,0,7,0,0,0,0,0,0,0,0,0,0,0,0,0,0,0,0
0,0,0,0,0,0,0,0,0,15,0,3,0,0,0,0,9,14,7,0,0,0,0,0,0
0,0,0,0,0,0,0,0,0,6,0,0,0,0,0,0,0,0,0,0,0,0,0,0,0
0,0,0,0,0,0,0,2,0,0,0,0,0,0,0,0,0,0,0,0,0,0,0,0,0
0,0,0,0,0,0,0,0,2,0,0,5,15,11,0,0,0,0,0,0,0,0,0,0,0
0,0,0,0,0,0,37,14,0,0,0,0,0,0,0,0,0,0,0,0,0,0,0,0,0
0,0,0,0,0,0,0,3,8,0,10,0,0,0,0,0,0,0,0,0,0,0,0,0,0
0,0,0,0,0,0,0,0,8,10,11,5,9,8,0,0,0,0,0,0,0,0,0,0,0
0,0,0,0,0,0,18,6,1,0,0,0,0,0,0,0,0,0,0,0,0,0,0,0,0
0,0,0,0,0,0,0,17,14,1,0,0,0,4,0,0,0,0,0,0,0,0,0,0,0
0,0,0,0,0,0,0,0,48,0,15,22,7,117,0,0,0,0,0,0,0,0,0,0,0
0,0,0,0,0,0,0,0,1,0,5,0,22,15,0,0,0,0,0,0,0,0,0,0,0
0,0,0,0,0,0,0,0,7,0,6,2,0,0,0,0,0,0,0,0,0,0,0,0,0
0,0,0,0,0,0,0,20,29,44,26,61,5,0,0,0,0,0,0,0,0,0,0,0,0
0,0,0,0,0,0,0,0,48,17,4,0,0,0,0,0,0,0,0,0,0,0,0,0,0
0,0,0,0,0,0,0,0,0,8,10,15,1,2,13,0,0,0,0,0,0,0,0,0,0
0,0,0,0,0,0,0,0,0,0,0,39,0,11,0,0,0,0,0,0,0,0,0,0,0
0,0,0,0,0,0,0,0,0,2,0,0,0,0,0,6,0,0,0,0,0,0,0,0,0
0,0,0,0,0,0,0,0,0,5,0,0,0,1,0,0,0,0,0,0,0,0,0,0,0
0,0,0,0,0,0,0,0,7,26,9,4,0,0,0,0,0,0,0,0,0,0,0,0,0
0,0,0,0,0,0,0,0,2,3,6,2,2,13,3,3,0,0,0,0,0,0,0,0,0
0,0,0,0,0,0,0,0,0,0,5,0,1,2,0,0,0,0,0,0,0,0,0,0,0
0,0,0,0,0,0,0,0,0,0,16,0,0,0,0,0,0,0,0,0,0,0,0,0,0
0,0,0,0,0,0,0,0,10,6,5,1,0,0,0,0,0,0,0,1,0,0,0,0,0
0,0,0,0,0,0,0,0,0,0,8,0,0,0,0,0,0,0,0,0,0,0,0,0,0
0,0,0,0,0,0,0,7,4,0,1,0,0,0,0,0,1,2,0,0,0,0,0,0,0
0,0,0,0,0,0,2,7,11,15,0,2,0,0,0,0,0,0,0,0,0,0,0,0,0
0,0,0,0,0,0,0,0,60,46,19,0,0,0,0,0,0,0,0,0,0,0,0,0,0
0,0,0,0,0,0,0,0,1,11,0,0,3,3,0,0,0,0,0,0,0,0,0,0,0
0,0,0,0,0,0,0,0,0,0,0,7,0,50,39,13,13,3,0,2,0,0,0,0,0
0,0,0,0,0,0,0,0,9,10,4,0,0,0,0,0,0,0,0,0,0,0,0,0,0
0,0,0,0,0,0,0,0,0,40,0,1,0,0,0,0,0,0,0,0,0,0,0,0,0
0,0,0,0,0,0,0,0,0,4,4,0,0,0,0,0,0,0,0,0,0,0,0,0,0
0,0,0,0,0,0,0,4,0,0,0,0,0,0,0,0,0,0,0,0,0,0,0,0,0
0,0,0,0,0,0,0,0,1,9,0,0,9,3,0,0,0,0,0,0,0,0,0,0,0
0,0,0,0,0,0,0,0,32,11,2,1,0,4,0,0,0,0,0,0,0,0,0,0,0
0,0,0,0,0,0,0,0,20,44,23,12,6,18,14,13,18,37,0,0,0,1,0,0,0
0,0,0,0,0,0,0,0,10,7,30,0,0,0,0,0,0,0,0,0,0,0,0,0,0
0,0,0,0,0,0,0,0,0,83,2,0,0,0,0,0,0,0,0,0,0,0,0,0,0
0,0,0,0,0,0,0,0,0,0,5,18,7,21,0,0,0,0,0,0,0,0,0,0,0
0,0,0,0,0,0,0,0,2,2,0,8,29,47,15,0,0,0,0,0,0,0,0,0,0
0,0,0,0,0,0,0,0,0,0,4,1,0,2,0,9,12,0,0,1,0,0,0,0,0
0,0,0,0,0,0,2,20,0,0,3,0,0,0,0,0,0,0,0,0,0,0,0,0,0
0,0,0,0,0,0,0,10,18,3,12,1,5,11,5,0,0,0,0,0,0,0,0,0,0
0,0,0,0,0,0,0,0,0,0,0,0,0,0,0,8,3,0,0,0,0,0,0,0,0
0,0,0,0,0,0,0,0,23,3,17,14,37,30,1,2,0,0,0,0,0,0,0,0,0
0,0,0,0,0,0,0,0,0,0,0,5,19,2,0,0,0,0,0,0,0,0,0,0,0
0,0,0,0,0,0,0,8,9,1,0,0,1,2,0,0,0,0,0,0,0,0,0,0,0
0,0,0,0,0,0,0,1,0,0,0,0,0,0,0,0,1,0,0,0,0,0,0,0,0
0,0,0,0,0,0,0,14,26,0,0,0,6,6,0,0,0,0,0,0,0,0,0,0,0
0,0,0,0,0,0,0,0,14,0,0,1,3,3,0,0,0,0,0,0,0,4,0,0,0
0,0,0,0,0,0,0,0,0,0,0,0,1,5,0,0,0,0,0,0,0,0,0,0,0
0,0,0,0,0,0,20,2,0,0,0,0,0,0,0,0,0,0,0,0,0,0,0,0,0
0,0,0,0,0,0,0,0,0,0,0,0,0,0,0,0,0,0,0,0,0,0,0,0,0
0,0,0,0,0,0,2,11,0,3,1,0,0,0,0,0,0,0,0,0,0,0,0,0,0
0,0,0,0,0,0,0,0,3,4,0,0,0,3,20,0,0,0,0,0,0,0,0,0,0
0,0,0,0,0,0,0,0,3,13,0,0,0,0,0,0,0,0,0,0,0,0,0,0,0
0,0,0,0,0,0,0,0,0,2,4,6,6,59,2,2,0,1,4,1,0,0,0,0,0
0,0,0,0,0,0,0,0,0,6,2,0,0,0,0,0,0,0,0,0,0,0,0,0,0
0,0,0,0,0,0,3,8,11,46,24,1,0,0,0,0,0,0,0,0,0,0,0,0,0
0,0,0,0,0,0,0,0,6,0,5,4,19,4,2,1,0,0,0,0,0,0,0,0,0
0,0,0,0,0,0,20,2,0,0,0,0,0,3,0,0,0,0,0,0,0,0,0,0,0
0,0,0,0,0,0,0,2,27,0,0,0,0,0,0,0,0,0,0,0,0,0,0,0,0
0,0,0,0,0,0,0,0,0,0,0,0,0,0,0,0,0,0,0,0,0,0,0,0,0
0,0,0,0,0,0,0,0,1,0,11,2,0,0,0,0,0,0,0,4,0,0,0,0,0
0,0,0,0,0,0,0,0,24,1,2,0,2,3,0,0,0,0,0,0,0,1,0,0,0
0,0,0,0,0,0,0,0,12,1,0,0,0,0,0,0,0,0,0,0,0,0,0,0,0
0,0,0,0,0,0,1,1,3,7,20,1,7,11,3,3,10,0,1,0,0,0,0,0,0
0,0,0,0,0,0,0,0,20,5,5,0,0,0,0,2,0,0,0,0,0,0,0,0,0
0,0,0,0,0,57,0,0,0,0,0,0,0,0,0,0,0,0,0,0,0,0,0,0,0
0,0,0,0,0,0,0,1,1,0,0,0,0,0,0,0,0,0,0,0,0,0,0,0,0
0,0,0,0,0,0,0,0,127,0,0,0,0,0,0,0,0,0,0,0,0,0,0,0,0
0,0,0,0,0,0,0,4,0,0,0,0,0,0,0,0,0,0,0,0,0,0,0,0,0
0,0,0,0,0,0,0,0,0,0,1,0,0,0,0,0,0,0,0,0,0,0,0,0,0
0,0,0,0,0,3,0,0,0,0,0,0,0,0,0,0,0,0,0,0,0,0,0,0,0
0,0,0,0,0,0,0,0,12,18,3,0,0,0,0,0,0,0,0,0,0,0,0,0,0
0,0,0,0,0,0,0,0,5,0,7,9,1,18,0,0,0,0,0,0,0,0,0,0,0
0,0,0,0,0,0,0,0,5,13,1,7,15,21,2,0,0,0,0,1,0,0,0,0,0
0,0,0,0,0,0,0,0,0,0,0,1,1,0,0,0,0,0,0,0,0,0,0,0,0
0,0,0,0,0,0,0,0,16,7,0,0,2,9,0,1,0,0,0,0,0,0,0,0,0
0,0,0,0,0,0,0,0,0,9,0,1,2,0,0,0,0,3,0,0,0,0,0,0,0
0,0,0,0,0,0,0,15,28,27,10,0,0,4,0,0,0,0,0,0,0,0,0,0,0
0,0,0,0,0,0,0,0,10,5,1,8,1,1,6,0,0,0,0,1,1,0,0,0,0
0,0,0,0,0,0,2,0,5,0,0,0,0,0,0,0,0,0,0,0,0,0,0,0,0
0,0,0,0,0,0,0,0,7,7,8,5,6,12,0,0,0,0,0,0,0,0,0,0,0
0,0,0,0,0,0,0,0,0,49,8,9,0,0,0,1,1,0,0,0,0,0,0,0,0
0,0,0,0,0,0,0,0,0,0,2,0,0,12,0,0,0,0,0,0,0,0,0,0,0
0,0,0,0,0,0,0,0,0,2,0,0,5,0,0,0,0,0,0,0,0,0,0,0,0
0,0,0,0,0,0,0,0,0,0,3,12,0,4,0,0,0,1,0,0,0,1,0,0,0
0,0,0,0,0,0,0,0,35,16,0,0,0,0,0,0,0,0,0,0,0,0,0,0,0
0,0,0,0,0,0,0,0,0,0,0,0,0,0,0,0,0,0,0,0,0,0,0,0,0
0,0,0,0,0,0,0,0,5,0,0,0,7,30,1,0,0,0,0,0,0,0,0,0,0
0,0,0,0,0,0,0,0,6,0,2,0,3,3,0,0,0,0,0,0,0,0,0,0,0
0,0,0,0,0,0,5,0,0,3,4,0,0,0,0,0,0,0,0,0,0,0,0,0,0
0,0,0,0,0,0,0,0,3,25,1,0,0,2,0,0,0,0,0,0,0,0,0,0,0
0,0,0,0,0,0,0,0,0,0,0,0,0,0,0,0,0,0,0,0,0,0,0,0,0
0,0,0,0,0,0,0,0,0,0,0,3,11,7,1,0,0,0,0,0,0,0,0,0,0
0,0,0,0,0,0,6,3,8,4,12,0,0,2,0,0,0,0,0,0,0,0,0,0,0
0,0,0,0,0,0,0,1,0,3,0,0,0,1,0,0,0,0,0,0,0,0,0,0,0
0,0,0,0,0,0,0,0,1,10,0,0,0,0,0,1,0,0,0,0,0,0,0,0,0
0,0,0,0,0,0,0,0,3,7,31,0,0,0,0,0,0,0,0,0,0,1,0,0,0
0,0,0,0,0,0,0,0,0,0,1,0,0,5,0,0,0,0,0,0,0,0,0,0,0
0,0,0,0,0,0,0,0,7,0,0,0,0,0,0,0,0,0,2,11,0,33,0,0,0
0,0,0,0,0,0,0,0,13,3,0,4,2,2,0,0,0,0,0,0,0,0,0,0,0
0,0,0,0,0,0,0,0,3,5,0,36,6,10,4,1,0,3,0,0,0,0,0,0,0
0,0,0,0,0,0,0,0,1,0,0,0,15,41,0,0,0,0,0,0,0,0,0,0,0
0,0,0,0,0,0,0,0,1,13,2,0,0,0,0,0,0,0,0,0,0,0,0,0,0
0,0,0,0,0,51,14,0,0,0,0,0,0,0,0,0,0,0,0,0,0,0,0,0,0
0,0,0,0,0,0,0,0,3,0,0,82,16,13,1,0,0,0,0,0,0,0,0,0,0
0,0,0,0,0,0,0,50,48,0,0,0,0,0,0,0,0,0,0,0,0,0,0,0,0
0,0,0,0,0,0,0,0,27,29,2,0,5,0,0,0,0,0,0,0,0,0,0,0,0
0,0,0,0,0,0,0,4,5,0,12,0,0,5,0,0,0,0,0,0,0,0,0,0,0
0,0,0,0,0,0,0,0,0,5,11,2,1,0,0,0,0,0,0,0,0,0,0,0,0
0,0,0,0,0,0,4,0,0,0,0,1,3,5,0,0,0,0,0,0,0,0,0,0,0
0,0,0,5,6,12,0,0,0,0,0,0,0,0,0,0,0,0,0,0,0,0,0,0,0
0,0,0,0,0,0,0,0,0,0,0,0,0,0,0,0,0,0,5,0,0,0,0,0,0
0,0,0,0,0,0,0,0,0,0,2,0,0,0,0,0,0,0,0,0,0,0,0,0,0
0,0,0,0,0,0,0,0,5,2,0,0,0,0,0,0,0,0,0,0,0,0,0,0,0
0,0,0,0,0,0,0,0,0,0,0,3,0,0,2,11,0,0,0,0,0,0,0,0,0
0,0,0,0,0,0,0,0,5,25,25,18,0,1,1,10,1,0,0,0,1,0,0,0,0
0,0,0,0,0,0,8,19,26,6,9,2,15,11,0,1,0,1,0,0,0,0,0,0,0
0,0,0,0,0,0,12,20,0,0,0,0,0,0,0,0,0,0,0,0,0,0,0,0,0
0,0,0,0,0,0,0,0,3,0,0,0,0,0,0,0,0,0,13,0,0,2,0,0,0
0,0,0,0,0,0,0,0,0,0,0,0,3,23,0,0,0,0,0,0,0,0,0,0,0
0,0,0,0,0,0,0,4,0,0,0,2,0,0,0,0,0,0,0,0,0,0,0,0,0
0,0,0,0,0,0,0,0,43,0,0,0,0,0,0,5,0,0,0,0,0,0,0,0,0
0,0,0,0,0,0,0,22,53,13,0,0,0,0,0,0,0,0,0,0,0,0,0,0,0
0,0,0,0,0,0,0,3,1,3,0,0,0,0,0,0,0,0,0,0,0,0,0,0,0
0,0,0,0,0,0,0,0,0,6,0,3,0,7,0,0,17,7,0,0,0,0,0,0,0
0,0,0,0,0,0,0,12,7,6,6,0,0,0,0,0,0,0,0,0,0,0,0,0,0
0,0,0,0,0,0,5,14,9,1,0,0,0,0,0,0,0,0,0,0,0,0,0,0,0
0,0,0,0,0,0,34,19,17,12,4,7,0,0,0,0,0,0,0,0,0,0,0,0,0
0,0,0,0,0,0,0,0,17,11,11,31,16,12,0,1,0,0,0,0,0,0,0,0,0
0,0,0,0,0,0,0,0,0,1,0,0,0,0,0,0,0,0,0,10,13,2,0,0,0
0,0,0,0,0,0,0,0,0,0,0,0,0,0,29,0,0,0,0,0,0,0,0,0,0
0,0,0,0,0,0,0,0,19,1,0,0,0,0,0,0,0,0,0,0,0,0,0,0,0
0,0,0,0,0,0,0,0,10,3,0,1,2,5,1,0,0,0,0,0,0,0,0,0,0
0,0,0,0,0,0,0,0,48,24,32,3,0,4,0,0,0,0,0,0,0,0,0,0,0
0,0,0,0,0,0,1,0,0,0,0,0,0,0,0,0,0,0,0,0,0,0,0,0,0
0,0,0,0,0,0,0,0,0,3,10,2,0,21,0,0,0,0,0,0,0,0,0,0,0
0,0,0,0,0,0,0,0,0,1,4,10,10,10,0,0,0,0,0,0,0,0,0,0,0
0,0,0,0,0,0,0,0,0,4,13,1,0,0,0,0,0,0,0,0,0,0,0,0,0
0,0,0,0,0,0,0,0,0,0,0,0,0,0,0,0,10,0,0,10,0,0,0,0,0
0,0,0,0,0,0,0,0,0,0,0,0,17,26,14,7,0,0,0,0,0,0,0,0,0
0,0,0,0,0,0,0,7,3,1,0,2,0,0,0,0,0,0,0,0,0,0,0,0,0
0,0,0,0,0,0,0,0,12,15,1,0,0,0,0,0,0,0,0,0,0,0,0,0,0
0,0,0,0,0,0,0,0,0,11,1,0,0,0,0,0,0,0,0,0,0,0,0,0,0
0,0,0,0,0,0,0,34,0,0,0,0,0,0,0,0,0,0,0,0,0,0,0,0,0
0,0,0,0,0,0,0,0,8,0,1,0,0,0,0,0,0,19,0,0,0,0,0,0,0
0,0,0,0,0,0,25,5,0,0,0,0,0,0,0,0,0,0,0,0,0,0,0,0,0
0,0,0,0,0,0,38,21,24,1,29,3,3,2,0,0,0,0,0,0,0,0,0,0,0
0,0,0,0,0,0,0,16,0,0,0,8,3,19,12,0,2,16,0,0,0,0,0,0,0
0,0,0,0,0,28,13,44,0,10,16,11,45,4,2,0,0,0,0,0,0,0,0,0,0
0,0,0,0,0,0,0,3,15,19,11,4,5,1,0,0,0,0,0,0,0,0,0,0,0
0,0,0,0,0,0,0,0,20,14,3,8,1,1,0,0,0,1,0,3,1,0,0,0,0
0,0,0,0,0,0,0,9,0,16,2,2,4,11,0,0,0,0,0,0,0,0,0,0,0
0,0,0,0,0,0,2,6,2,1,2,2,1,1,2,0,0,0,0,0,0,0,0,0,0
0,0,0,0,0,0,0,0,0,7,0,0,0,0,0,0,1,1,0,2,0,0,0,0,0
0,0,0,0,0,0,0,0,1,21,4,0,0,0,0,0,0,0,0,0,0,0,0,0,0
0,0,0,0,0,0,0,0,0,0,0,0,0,0,0,0,1,0,0,0,0,0,0,0,0
0,0,0,0,0,0,0,0,4,18,2,0,0,4,0,0,0,0,0,0,0,0,0,0,0
0,0,0,0,0,0,0,16,1,0,1,0,0,0,0,0,0,0,0,0,0,0,0,0,0
0,0,0,0,0,0,3,0,0,4,0,0,0,0,0,0,0,0,0,0,0,0,0,0,0
0,0,0,0,0,0,0,0,1,33,14,5,0,2,0,0,0,0,0,0,0,0,0,0,0
0,0,0,0,0,0,0,0,4,34,13,13,32,24,37,0,0,0,0,0,0,0,0,0,0
0,0,0,0,0,0,0,0,8,27,3,23,0,0,0,0,0,0,0,0,0,0,0,0,0
0,0,0,0,0,0,0,0,0,0,26,4,0,17,0,0,0,0,0,0,0,0,0,0,0
0,0,0,0,0,0,0,0,0,0,0,0,0,0,0,0,0,0,0,0,0,0,0,0,0
0,0,0,0,0,0,0,0,0,0,3,0,6,0,3,1,8,1,0,0,0,0,0,0,0
0,0,0,0,0,0,0,0,7,47,7,0,0,4,0,0,0,0,0,0,0,0,0,0,0
0,0,0,0,0,0,0,0,0,0,0,31,3,3,1,0,0,0,0,0,0,0,0,0,0
0,0,0,0,0,0,0,0,0,0,19,0,2,2,0,0,0,0,0,0,0,0,0,0,0
0,0,0,0,0,0,0,0,0,37,1,0,0,0,0,0,0,0,0,0,0,0,0,0,0
0,0,0,0,0,0,4,0,2,19,0,0,2,3,1,4,0,0,0,0,0,0,0,0,0
0,0,0,0,0,0,8,12,5,3,1,2,21,21,0,0,0,0,0,0,0,0,0,0,0
0,0,0,0,0,0,0,20,20,12,4,16,16,39,0,0,0,0,0,0,0,0,0,0,0
0,0,12,0,0,0,0,0,1,0,0,0,0,0,0,0,0,0,0,0,0,0,0,0,0
0,0,0,0,0,0,0,0,9,11,1,11,5,19,0,0,0,0,0,0,0,0,0,0,0
0,0,0,0,0,0,0,0,0,0,11,10,25,17,0,0,0,0,0,0,0,0,0,0,0
0,0,0,0,0,0,0,11,24,0,3,0,0,0,0,0,0,0,0,0,0,0,0,0,0
0,0,0,0,0,0,0,10,13,28,15,4,2,5,0,1,0,0,0,0,0,0,0,0,0
0,0,0,0,0,0,0,0,8,25,35,3,20,42,5,0,0,0,0,0,5,0,0,0,0
0,0,0,0,0,0,9,33,0,8,1,0,0,0,0,0,0,0,0,0,0,0,0,0,0
0,0,0,0,0,0,19,20,0,0,0,0,0,0,0,0,0,0,0,0,0,0,0,0,0
0,0,0,0,0,0,5,0,0,3,0,0,0,0,0,0,0,0,0,0,0,0,0,0,0
0,0,0,0,0,0,1,16,27,7,1,4,0,0,0,0,0,0,0,0,0,0,0,0,0
0,0,0,0,0,0,0,0,5,3,0,2,5,3,0,0,0,0,0,0,0,0,0,0,0
0,0,0,0,0,0,0,0,0,2,15,0,0,0,0,0,0,0,0,0,0,0,0,0,0
0,0,0,0,0,0,0,0,0,1,16,0,2,11,19,26,22,1,0,0,0,0,0,0,0
0,0,0,0,0,0,0,0,22,23,1,0,0,0,2,0,2,0,0,0,0,0,0,0,0
0,0,0,0,0,0,0,0,0,0,4,0,0,0,0,0,0,0,19,20,0,0,0,0,0
0,0,0,0,0,0,0,0,0,0,0,17,29,0,0,0,0,0,0,0,0,0,0,0,0
0,0,0,0,0,0,0,0,0,0,6,14,6,5,0,0,0,0,0,0,0,0,0,0,0
0,0,0,0,0,0,0,0,0,6,3,0,3,1,0,1,0,0,0,0,0,0,0,0,0
0,0,0,0,0,0,0,0,2,0,1,0,0,0,0,0,0,0,0,0,0,0,0,0,0
0,0,0,0,0,0,0,0,1,0,8,0,0,3,0,0,0,0,0,0,0,0,0,0,0
0,0,0,0,0,0,0,0,0,2,1,2,0,0,1,3,0,0,0,0,0,0,0,0,0
0,0,0,0,0,0,0,0,0,4,1,2,2,15,16,22,0,0,0,0,0,0,0,0,0
0,0,0,0,0,0,2,0,6,8,0,0,0,0,0,0,0,0,0,0,0,0,0,0,0
0,0,0,0,0,0,0,5,0,8,0,0,0,0,0,0,0,0,0,0,0,0,0,0,0
0,0,0,0,0,0,3,5,1,0,0,0,0,0,0,0,0,0,0,0,0,0,0,0,0
0,0,0,0,0,0,8,0,0,3,0,0,7,14,0,0,0,0,0,0,0,0,0,0,0
0,7,6,0,0,0,3,0,0,0,0,0,0,0,0,0,0,0,0,0,0,0,0,0,0
0,0,0,0,0,0,0,0,5,0,0,0,1,1,4,0,0,0,0,0,0,0,0,0,0
0,0,0,0,0,0,0,0,0,20,7,1,2,3,7,2,0,0,0,0,0,0,0,0,0
0,0,0,0,0,0,0,0,0,6,9,5,11,27,1,3,13,12,15,11,10,0,0,0,0
0,0,0,0,0,0,0,8,7,0,0,2,1,2,0,0,0,0,0,0,0,0,0,0,0
0,0,0,0,0,0,0,0,0,21,1,0,0,2,0,0,0,0,0,0,0,0,0,0,0
0,0,0,0,0,0,0,74,11,15,10,0,0,4,5,0,0,0,0,0,0,0,0,0,0
0,0,0,0,0,0,0,0,10,12,0,0,0,0,5,0,0,0,0,0,0,0,0,0,0
0,0,0,0,0,0,0,0,0,0,11,0,0,0,0,0,0,0,0,0,0,0,0,0,0
0,0,0,0,0,0,0,0,0,25,10,4,0,0,2,0,0,0,0,0,0,0,0,0,0
0,0,0,0,0,0,0,0,21,24,8,17,10,4,0,0,0,0,0,0,0,0,0,0,0
0,0,0,0,0,0,0,0,0,0,0,0,0,0,0,0,4,0,0,0,0,0,0,0,0
0,0,0,0,0,0,0,18,4,0,0,0,0,0,0,0,0,0,0,0,0,0,0,0,0
0,0,0,0,0,0,0,0,0,8,6,0,0,0,0,0,0,0,0,0,0,0,0,0,0
0,0,0,0,0,0,0,0,1,17,0,0,13,29,4,3,8,6,9,9,8,4,0,0,0
0,0,0,0,0,0,9,4,15,24,2,11,9,6,0,1,0,0,0,0,0,0,0,0,0
0,0,0,0,0,0,0,0,0,0,0,0,11,25,0,0,0,0,0,0,0,0,0,0,0
0,0,0,0,0,0,0,2,3,0,0,0,0,0,0,0,0,5,4,0,0,0,0,0,0
0,0,0,0,0,0,3,0,2,9,10,15,0,2,0,0,0,0,0,0,0,0,0,0,0
0,0,0,0,0,0,9,42,29,0,0,0,0,0,0,0,0,0,0,0,0,0,0,0,0
0,0,0,0,0,0,0,0,1,7,0,7,0,2,0,2,0,0,0,0,0,0,0,0,0
0,0,0,0,0,0,0,0,0,0,0,0,0,0,0,0,0,0,0,0,0,0,0,0,0
0,0,0,0,0,0,0,0,6,4,4,0,0,0,0,0,0,0,0,0,0,0,0,0,0
0,0,0,0,0,0,0,0,0,7,3,0,0,0,9,8,0,0,0,0,0,0,0,0,0
0,0,0,0,0,0,24,20,11,0,0,0,0,0,0,0,0,0,0,0,0,0,0,0,0
0,0,0,0,0,0,0,0,8,0,0,10,9,8,4,0,0,0,0,0,0,0,0,0,0
0,0,0,0,0,0,0,0,13,0,1,10,0,0,0,0,0,0,0,0,0,0,0,0,0
0,0,0,0,0,0,0,0,0,21,0,0,0,0,0,0,0,0,0,0,0,0,0,0,0
0,0,0,0,0,0,0,0,20,12,16,3,13,20,7,0,2,0,0,0,0,0,0,0,0
0,0,0,0,0,0,0,1,9,13,13,0,0,0,0,0,0,0,0,0,0,0,0,0,0
0,14,30,8,64,47,54,33,75,12,4,0,2,6,0,0,0,0,0,0,0,0,0,0,0
0,0,0,0,0,0,0,0,0,0,0,0,0,4,5,0,0,6,0,0,0,0,0,0,0
0,0,0,0,0,0,0,0,31,0,0,0,0,0,0,0,0,0,0,0,18,0,0,0,0
0,0,0,0,0,0,0,0,3,26,4,6,1,5,0,0,0,0,0,0,0,0,0,0,0
0,0,0,0,0,0,0,15,4,19,18,1,0,0,1,0,0,0,0,0,0,0,0,0,0
0,0,0,0,0,0,0,0,0,0,4,9,2,2,0,0,0,0,0,0,5,0,0,0,0
0,0,0,0,0,0,10,5,14,4,0,0,0,0,0,0,0,0,0,0,0,0,0,0,0
0,0,0,0,0,0,0,0,17,43,10,0,1,0,0,0,0,0,0,0,0,0,0,0,0
0,0,0,0,0,0,0,2,0,0,6,0,0,0,0,0,0,0,0,0,0,0,0,0,0
0,0,0,0,0,0,0,15,16,5,4,0,1,1,0,0,0,0,0,0,0,0,0,0,0
0,0,0,0,0,0,0,0,0,0,0,0,0,0,0,0,0,0,0,0,0,0,0,0,0
0,0,0,0,0,0,0,0,0,18,5,1,1,5,0,1,0,0,0,0,0,0,0,0,0
0,0,0,0,0,0,0,0,3,0,19,19,4,0,0,0,0,0,0,0,0,0,0,0,0
0,0,0,0,0,0,0,2,0,14,13,3,11,2,0,0,0,0,0,0,0,0,0,0,0
0,0,0,0,0,0,0,0,1,15,1,0,0,0,0,0,0,0,0,0,0,0,0,0,0
0,0,0,0,0,0,42,0,1,0,0,0,0,0,0,0,0,53,0,0,0,0,0,0,0
0,0,0,0,0,0,1,0,0,0,0,0,0,0,0,0,0,0,0,0,0,0,0,0,0
0,0,0,0,0,0,0,0,10,26,0,0,1,5,0,0,0,0,0,0,0,0,0,0,0
0,0,0,0,0,0,0,0,38,2,2,0,2,5,1,0,0,1,0,0,0,0,0,0,0
0,0,0,0,0,0,0,0,0,13,1,0,0,0,0,0,0,0,1,8,1,0,0,0,0
0,0,0,0,0,0,12,20,0,0,0,0,0,3,2,0,0,0,0,0,0,0,0,0,0
0,0,0,0,0,0,0,0,10,0,3,0,5,4,5,3,0,0,10,3,6,14,0,0,0
0,0,0,0,0,0,0,0,0,28,6,0,2,4,0,0,0,0,0,0,0,0,0,0,0
0,0,0,0,0,0,0,0,22,15,13,7,0,4,0,0,0,0,0,0,0,0,0,0,0
0,0,0,0,0,0,0,0,1,32,1,6,0,0,0,0,0,0,0,0,0,0,0,0,0
0,0,0,0,0,0,0,0,0,0,6,12,2,0,0,0,0,0,0,0,0,0,0,0,0
0,0,0,0,0,0,14,4,0,0,0,0,0,0,0,0,0,0,0,0,0,0,0,0,0
0,0,0,0,0,0,0,0,10,28,50,16,9,9,0,0,0,0,0,0,0,0,0,0,0
0,0,0,0,0,0,33,14,12,0,0,0,0,0,0,0,0,0,0,0,0,0,0,0,0
0,0,0,0,0,0,0,0,9,0,0,0,0,0,0,0,7,0,10,8,0,0,0,0,0
0,0,0,0,0,0,0,0,4,2,0,0,0,0,0,0,3,0,0,0,0,0,0,0,0
0,0,0,0,0,0,1,0,0,0,5,0,0,0,0,0,0,0,0,0,0,0,0,0,0
0,0,0,0,0,0,0,0,1,0,0,0,0,0,0,0,0,0,0,0,0,0,0,0,0
0,0,0,0,0,0,0,0,0,26,19,12,0,6,0,0,0,0,0,0,0,0,0,0,0
0,0,0,0,0,0,0,30,1,6,6,0,2,3,2,0,0,0,0,0,0,0,0,0,0
0,0,0,0,0,0,0,0,0,0,0,3,0,4,0,2,1,0,0,0,0,0,0,0,0
0,0,0,0,0,0,0,0,1,0,4,5,10,7,0,0,0,0,0,0,0,0,0,0,0
0,0,0,0,0,0,0,0,0,0,4,0,0,1,0,0,0,0,0,0,0,0,0,0,0
0,0,0,0,0,0,0,0,5,28,7,0,1,9,5,6,0,0,0,0,1,1,0,0,0
0,0,0,0,0,0,0,0,0,0,0,1,1,0,0,0,0,7,0,0,0,0,0,0,0
0,0,0,0,0,0,0,14,10,0,0,0,0,0,0,0,0,0,0,0,0,0,0,0,0
0,0,0,0,0,0,0,0,9,7,2,0,0,0,0,0,0,0,0,0,0,0,0,0,0
0,0,0,0,0,0,0,0,0,0,0,0,0,0,0,0,0,0,0,0,0,0,0,0,0
0,0,0,0,0,0,0,0,0,0,0,19,0,0,0,0,0,0,0,0,0,0,0,0,0
0,0,0,0,0,0,0,0,54,24,6,0,0,0,0,0,0,0,0,0,0,0,0,0,0
0,0,0,0,0,0,0,0,2,0,0,8,0,0,0,0,0,0,0,0,0,0,0,0,0
0,0,0,0,0,0,0,0,0,0,0,13,7,8,0,0,0,0,0,0,0,0,0,0,0
0,0,0,0,0,0,0,0,14,0,0,0,0,0,0,0,0,0,0,0,0,0,0,0,0
0,0,0,0,0,0,0,0,1,0,0,0,0,0,7,2,1,0,0,0,0,0,0,0,0
0,0,0,0,0,0,0,27,12,0,0,0,2,2,0,0,0,0,0,0,0,0,0,0,0
0,0,0,0,0,0,32,12,0,0,0,0,0,0,0,0,0,0,0,0,0,0,0,0,0
0,0,0,0,0,0,0,0,8,0,0,10,11,12,9,3,0,2,0,0,0,0,0,0,0
0,0,0,0,0,0,0,0,12,7,0,0,0,0,0,0,0,0,0,0,0,0,0,0,0
0,0,0,0,0,0,0,0,14,6,3,0,0,0,0,0,0,0,0,0,0,0,0,0,0
0,0,0,0,0,0,0,0,12,10,0,19,0,17,0,2,0,0,0,0,0,0,0,0,0
0,0,0,0,0,0,7,0,0,21,0,0,0,0,0,0,0,0,0,0,0,0,0,0,0
0,0,0,0,0,0,0,4,10,2,0,0,0,0,0,0,0,0,0,0,0,0,0,0,0
0,0,0,0,0,0,0,0,4,15,17,12,5,3,0,0,0,0,0,0,0,0,0,0,0
0,0,0,0,0,0,0,0,33,1,0,0,0,0,0,0,0,0,0,0,0,0,0,0,0
0,0,0,0,0,0,0,2,0,0,7,0,0,0,0,0,0,0,0,0,0,0,0,0,0
0,0,0,0,0,0,0,0,5,6,3,2,0,0,0,14,0,0,16,0,0,0,0,0,0
0,0,0,0,0,0,0,0,8,0,0,0,0,0,11,44,5,0,0,0,0,0,0,0,0
0,0,0,0,0,0,0,0,0,21,0,0,12,8,0,0,0,0,0,0,0,0,0,0,0
0,0,0,0,0,0,0,0,1,0,0,5,8,8,0,0,0,0,0,0,0,0,0,0,0
0,0,0,0,0,0,0,0,2,0,0,0,0,0,0,0,0,0,0,0,0,0,0,0,0
0,0,0,0,0,0,0,2,17,10,3,0,0,4,0,0,0,0,0,0,0,0,0,0,0
0,0,0,0,0,0,0,0,3,0,0,0,0,0,0,0,0,0,0,0,0,0,0,0,0
0,0,0,0,0,0,0,0,6,0,3,5,2,3,14,0,5,0,0,0,0,0,0,0,0
0,0,0,0,0,0,0,0,0,0,0,0,0,18,0,13,0,0,0,0,0,0,0,0,0
0,0,0,0,0,0,0,0,2,7,7,4,0,0,0,0,0,0,0,0,0,0,0,0,0
0,0,0,0,0,0,0,29,0,3,2,0,0,0,0,0,0,0,0,0,0,0,0,0,0
